id,domain,status,purchase_price,renewal_price,attractiveness,demand,length,registrar,created_at,expires_at,status_verified_at
74ef28b6-2c09-4c59-8357-ec6f673d493f,sailors.love,available,8.78,23.76,medium,low,7,dynadot,,,28/09/2026 13:06
5a2a6b45-7871-4f8c-9ae8-1577c0d79992,ringer.love,premium,118.8,118.8,high,low,6,namesilo,,,23/09/2026 05:42
0ba00a67-2f3f-4c9e-8b29-9668eee10bf6,introspection.love,available,9.99,28.99,medium,low,13,namesilo,,,17/09/2026 06:54
59a13379-3d5a-4b0a-babe-2cdbc3cbc779,prattle.love,available,9.99,28.99,medium,low,7,namesilo,,,23/09/2026 23:32
a6e69e40-0690-4602-a1f0-558de36382c9,overeager.love,available,4.98,38.98,medium,low,9,namecheap,,,04/09/2026 20:31
12c357e4-a1f2-456e-ad45-71f8d8236daf,christian.love,premium,3450,3450,high,medium,9,namesilo,,,23/09/2026 14:35
e63d97a8-70db-4d27-92d9-f9f5fc536254,cretaceous.love,available,4.98,38.98,medium,low,10,namecheap,,,13/08/2026 06:22
880baf9b-186a-4568-ad5a-e693d534355f,abls.love,available,4.98,38.98,medium,low,4,namecheap,,,16/09/2026 16:13
91f72be1-f458-4823-a616-0700095b1dd6,greeting.love,premium,181.33,258.95,high,low,8,spaceship,,,28/09/2026 14:22
622e14b4-b667-4cda-b1ec-943131de0c29,airedale.love,available,9.99,28.99,medium,low,8,namesilo,,,17/09/2026 23:08
e096a5cc-667b-46c3-bc2a-11c179de7d9a,pearls.love,premium,1155,1650,medium,low,6,dynadot,,,28/09/2026 08:25
ff1ffef4-7170-48ca-bd2e-48bc7f74a36e,prostyle.love,available,4.98,38.98,medium,low,8,namecheap,,,09/09/2026 04:01
dd0063d3-782e-43b0-aa66-3ed3920261d7,marly.love,available,4.98,38.98,medium,low,5,namecheap,,,24/08/2026 16:08
8f9f3b52-2a14-45a3-ae02-e303f84c4d2d,scraggy.love,available,4.98,38.98,medium,low,7,namecheap,,,22/08/2026 12:02
af180dd2-d393-4d09-ba3d-f0beeffd610c,berkelium.love,available,9.99,28.99,medium,low,9,namesilo,,,21/09/2026 00:14
6eeb98d6-df89-4b2f-b9f1-07b962f53875,abstinent.love,available,4.98,38.98,high,low,9,namecheap,,,
c1d972a2-76e1-4a08-9146-986c2909e969,flop.love,available,9.99,28.99,high,low,4,namesilo,,,23/09/2026 12:03
f66b4478-13a6-43dc-b1ef-b29c7292480f,voidable.love,available,4.98,38.98,medium,low,8,namecheap,,,09/09/2026 14:47
70b43959-9948-4081-a7c5-52d3a0120475,vivaldi.love,available,9.99,28.99,medium,low,7,namesilo,,,19/09/2026 15:40
bce487a0-2ed2-4e5f-9cf2-89d2847a563c,anorexia.love,available,4.98,38.98,medium,low,8,namecheap,,,19/09/2026 11:46
78c9cb73-f267-4c8f-b836-d19837a7a09f,disappointment.love,available,9.99,28.99,medium,low,14,namesilo,,,
78303035-6f6b-4df6-aa45-8fb1b09f5a96,bad.love,premium,1365,1950,high,medium,3,namecheap,,,22/09/2026 16:05
ef836101-1846-46fe-9187-22970fdb4298,explosives.love,available,9.99,28.99,medium,low,10,namesilo,,,28/09/2026 04:36
f992ed5b-aae4-48aa-b4ce-56af15b2b7d6,retain.love,available,9.99,28.99,high,low,6,namesilo,,,
69f98cad-d0b5-4111-a46b-cfbd5ef61296,sellable.love,available,4.98,38.98,medium,low,8,namecheap,,,24/08/2026 20:28
14dff94e-e68e-4b78-8ee9-19edf9e1fbdb,hobart.love,available,9.99,28.99,high,low,6,namesilo,,,25/09/2026 07:24
4802743d-eef7-437f-997b-b9587d060b58,nutlike.love,available,4.98,38.98,medium,low,7,namecheap,,,03/09/2026 23:16
94ba231d-653a-4eb6-b55b-ada8fa032dd4,continually.love,available,9.99,28.99,medium,low,11,namesilo,,,
c85a27e5-4555-4f52-b77d-07f27efa734f,laurie.love,available,9.99,28.99,high,low,6,namesilo,,,25/09/2026 17:15
5075fc71-2ec0-41e8-9ef9-18efb3e88040,coy.love,premium,8280,8280,high,low,3,namesilo,,,24/09/2026 01:10
2c2dd96a-e8e8-4d07-beb1-78c68e9d9c79,acadia.love,available,4.98,38.98,medium,low,6,namecheap,,,16/09/2026 20:28
92236b96-80e7-46ef-b0dc-dc6b5a30a5e2,beasts.love,available,8.78,23.76,low,low,6,dynadot,,,28/09/2026 23:05
95ea785f-7b35-4e29-b54b-f56e1e80105f,adorer.love,available,9.99,28.99,high,low,6,namesilo,,,17/09/2026 09:45
5de970f4-3611-4e2e-811d-6579a254accf,amnesic.love,available,4.98,38.98,medium,low,7,namecheap,,,
1542f7f5-05c3-4651-a3aa-5df45115e48f,xanthous.love,available,4.98,38.98,medium,low,8,namecheap,,,13/09/2026 14:00
e679327c-9500-4312-9175-7ac3110453e5,morristown.love,available,4.98,38.98,medium,low,10,namecheap,,,29/09/2026 01:41
ea4c7970-26a0-4926-b928-15f92a702228,earful.love,available,9.99,28.99,medium,low,6,namesilo,,,22/09/2026 17:11
4d2d3501-24e4-4f47-80de-df60f30db539,mansfield.love,available,4.98,38.98,medium,low,9,namecheap,,,25/09/2026 08:08
da4b5d41-88d8-4420-95e7-c631d1c296d9,gleam.love,resell,,,high,low,5,"Chengdu West Dimension Digital Technology Co., LTD",19/08/2026 05:55,19/08/2027 05:55,26/09/2026 06:24
d05a9bbf-5db8-42ff-9607-6290a6a57dd4,peripheral.love,available,4.98,38.98,high,low,10,namecheap,,,08/09/2026 17:14
0a56042d-a5ec-4b89-bc81-0770e54fd56e,panes.love,available,9.99,28.99,medium,low,5,namesilo,,,
914f4d09-4967-43e2-89ba-b3c76e7394cf,centroidal.love,available,4.98,38.98,medium,low,10,namecheap,,,12/08/2026 00:18
4ae27be0-96eb-4709-bcae-a83c089e942d,undesired.love,available,4.98,38.98,medium,low,9,namecheap,,,12/09/2026 07:49
33049130-fd62-493f-ab68-1c98b9017a9d,parody.love,available,4.98,38.98,high,low,6,namecheap,,,23/09/2026 11:34
7ab1bd9a-8bfd-4bf9-be32-0e012f45a242,terrible.love,available,9.99,28.99,high,low,8,namesilo,,,22/09/2026 15:19
5f15c4b7-d0ef-4c41-ab87-cb4a19437eae,fundamentalism.love,available,38.98,,medium,low,14,namecheap,,,
802be03a-fc7e-4370-a216-99d8f387bce4,mildred.love,available,9.99,28.99,medium,low,7,namesilo,,,28/09/2026 12:04
5ac8b6af-ec20-4b37-afb1-972e58d2d785,eec.love,premium,,,high,low,3,,,,29/09/2026 00:28
6490fcb9-7d6a-4961-9f52-524a69a94dbe,wipes.love,available,9.99,28.99,medium,low,5,namesilo,,,20/09/2026 09:39
775b55fd-acae-4953-8490-1b58885a2a8a,thumbed.love,available,4.98,38.98,medium,low,7,namecheap,,,11/09/2026 15:04
675e76dd-6cf4-4e6d-8732-3d4587d845e7,lugosi.love,available,9.99,28.99,medium,low,6,namesilo,,,23/09/2026 04:23
d5a4cacd-8c11-4921-b480-de2fbbdd6f95,usages.love,available,20.2,20.2,low,low,6,cloudflare,,,29/09/2026 05:10
5271cefc-364f-4dfd-85d8-f0dab29ce6a9,deliver.love,resell,704.78,,high,low,7,name.com,,,29/09/2026 02:52
1eebb877-a559-4aa7-8ca0-6873ed316a4d,lamentably.love,available,4.98,38.98,low,low,10,namecheap,,,14/09/2026 11:50
c1109fae-2fa4-4dac-81d1-3ecbfed44f82,archerfish.love,available,9.99,28.99,medium,low,10,namesilo,,,20/09/2026 01:56
5846aae0-3e34-47e5-b630-2ddd9a0fdca8,robbers.love,available,4.88,22.97,low,low,7,spaceship,,,28/09/2026 23:38
00234ddc-dd2c-4961-ba54-7a1c12c3e005,thievery.love,available,4.98,38.98,medium,low,8,namecheap,,,11/09/2026 13:20
bc9c8b23-e81c-4d1b-b340-9705b9609140,contractor.love,available,9.99,28.99,high,low,10,namesilo,,,24/09/2026 17:45
40ebe3e6-bf9f-4f76-93cd-e82e32753d51,duel.love,premium,854,854,high,low,4,namesilo,,,17/09/2026 14:06
34c34343-8583-4149-baa6-f2e7784e847a,makings.love,available,9.99,28.99,high,low,7,namesilo,,,20/09/2026 04:27
28c5d213-b76d-4576-ad6f-9202d2b87e94,miscreant.love,available,4.98,38.98,medium,low,9,namecheap,,,09/09/2026 14:38
6e519e4c-ff89-43d3-990b-d5ce57848618,notifies.love,available,9.99,28.99,medium,low,8,namesilo,,,18/09/2026 08:35
7b89bd31-619c-49ee-810f-abda64dbf149,northwest.love,premium,455,650,medium,low,9,namecheap,,,28/09/2026 17:00
e25a51bd-e215-4cb7-bb43-7453d7f20a63,northampton.love,available,4.98,38.98,medium,low,11,namecheap,,,25/09/2026 14:57
8070bc70-2873-4431-9629-cc25a59504c9,anosmia.love,available,9.99,28.99,medium,low,7,namesilo,,,19/09/2026 11:51
02c2c3c8-3095-4033-9316-a9a9f95680d1,leasing.love,resell,,,high,low,7,NAMECHEAP,30/11/2025 07:37,30/11/2026 07:37,26/09/2026 07:11
89f7f3f2-9963-4b21-9155-a50ec470d9bf,bunker.love,resell,,,high,low,6,,,,28/09/2026 05:21
c5685a89-8d1d-42d3-aa21-7b55ab79998d,appalling.love,available,4.98,38.98,medium,low,9,namecheap,,,06/08/2026 04:31
bb7f2342-4c8a-4bba-91bd-d6f5fef906ac,skintight.love,available,4.98,38.98,medium,low,9,namecheap,,,10/09/2026 09:40
d7cf8fde-d66f-42ae-8e43-823d768327cb,rootbound.love,available,4.98,38.98,medium,low,9,namecheap,,,09/09/2026 00:46
2cf7723b-bab8-4549-9c69-5e072f78c755,diluted.love,available,4.98,38.98,medium,low,7,namecheap,,,14/08/2026 07:45
9e68367d-24c2-4f97-8e6e-97f70e39331e,mechanism.love,available,39.99,44.99,high,low,9,name.com,,,24/09/2026 14:15
6577ad81-9055-4f2d-89d9-25fde57ef783,avoidance.love,available,4.98,38.98,medium,low,9,namecheap,,,21/09/2026 09:49
2f199015-ef44-4c96-a96b-0d552d9dae7c,annum.love,available,9.99,28.99,high,low,5,namesilo,,,19/09/2026 11:04
bb54ae27-b307-4df5-a9be-0243916201d9,taxi.love,premium,227.5,325,high,low,4,namecheap,,,24/09/2026 11:29
7c240d02-55c7-4ff6-b8c0-32aebcfccefe,overripe.love,available,4.98,38.98,medium,low,8,namecheap,,,04/09/2026 21:44
e1cc4eea-3891-48f5-939f-814349daa943,charlton.love,available,8.78,23.76,medium,low,8,dynadot,,,27/09/2026 19:17
62c4f1c7-7498-44eb-a2b2-31c0c07da5a9,percy.love,available,9.99,28.99,high,low,5,namesilo,,,25/09/2026 06:59
a08b408e-9df0-47c2-a3f3-acdc1d48b632,kindergarten.love,available,20.2,20.2,high,low,12,cloudflare,,,29/09/2026 05:20
61147b8d-650e-4f89-b0a5-113cd4473da3,anglomania.love,available,9.99,28.99,medium,low,10,namesilo,,,19/09/2026 06:51
9f46ff3e-5352-4dc8-b7a0-b10ff44e44ac,excavate.love,available,4.98,38.98,high,low,8,namecheap,,,21/08/2026 10:33
c79c9836-f31c-424b-8333-8bae738fa9a3,lacking.love,available,9.99,28.99,medium,low,7,namesilo,,,28/09/2026 10:18
35417e87-d741-47b7-a4ef-d889a71937f5,clxx.love,available,4.98,38.98,medium,low,4,namecheap,,,
28335cc7-74cf-4c28-b99a-5b670940e3a1,alummah.love,available,9.99,28.99,medium,low,8,namesilo,,,18/09/2026 01:08
1bb2ea76-8308-4d35-a8e2-17f344b368b5,daunting.love,available,39.99,44.99,medium,low,8,name.com,,,13/08/2026 18:48
efefeb37-0235-4736-ab2e-bc4f99f00f04,dastard.love,available,39.99,44.99,medium,low,7,name.com,,,13/08/2026 18:32
82438c1b-d17b-4b28-b1a4-4725b94586fc,rfc.love,premium,1365,1950,high,low,3,namecheap,,,27/09/2026 06:31
3d021f5d-7720-4eb6-b9fc-bc41b1cd5c78,funk.love,premium,90.09,128.7,medium,low,4,namecheap,,,28/09/2026 13:33
67c7f546-7df5-4e0a-add4-88aec74ec6d3,specifically.love,available,9.99,28.99,high,low,12,namesilo,,,26/09/2026 00:54
870e0491-478f-4d8b-a038-90754449ff25,maoist.love,available,4.98,38.98,medium,low,6,namecheap,,,24/08/2026 15:38
37090559-67b9-4e56-9fa7-ea341c59d3a1,sturdy.love,available,4.98,38.98,high,low,6,namecheap,,,21/08/2026 00:56
61ccccba-1c4c-43e9-a5e0-ca01ebf8b602,fig.love,premium,1146.77,1638.01,high,low,3,porkbun,,,28/09/2026 19:43
b6fc8c14-48b8-45b3-b699-8f5468a6d2de,yelling.love,available,9.99,28.99,high,low,7,namesilo,,,28/09/2026 06:53
dfaf93e8-5539-4104-9b94-a6d4f5dd62b6,thirdhand.love,available,4.98,38.98,medium,low,9,namecheap,,,11/09/2026 13:59
d823e837-fc16-4683-befb-2511673072f8,invalidate.love,available,4.98,38.98,high,low,10,namecheap,,,13/09/2026 06:37
9b19c231-c6e4-4727-b2b7-2464c1bfd2d4,proclaiming.love,available,9.99,28.99,high,low,11,namesilo,,,
01b63046-9979-4fda-9a33-fcb5b6dd2daa,peevish.love,available,4.98,38.98,medium,low,7,namecheap,,,22/08/2026 10:21
3f40430a-469c-4af1-9535-e5d846aca6a9,deferent.love,available,4.98,38.98,medium,low,8,namecheap,,,13/08/2026 23:17
5772241c-91c3-4643-bab8-4116194e2804,labour.love,available,4.88,22.97,medium,low,6,spaceship,,,29/09/2026 04:26
0af4d1af-1be2-49ec-8d18-147b36986222,clonic.love,available,4.98,38.98,medium,low,6,namecheap,,,12/08/2026 12:02
f0b885b3-dcb0-466b-9a1d-f26f1b5e2204,kerry.love,premium,,,high,low,5,,,,28/09/2026 03:22
964aa8b0-09ed-438c-a6dc-7443308f3316,lurk.love,available,4.98,38.98,high,low,4,namecheap,,,11/09/2026 08:38
9400e1e3-97ce-4597-9759-4019d3cbf3fb,wolfram.love,available,9.99,28.99,high,medium,7,namesilo,,,20/09/2026 23:44
8f152af0-d5fa-4bd6-b291-c43c73810503,techniques.love,premium,728,1040,medium,low,10,namecheap,,,19/09/2026 01:18
3180e0bd-986b-4444-9d81-8f058a6a5f02,alimental.love,available,4.98,38.98,medium,low,9,namecheap,,,
1abbfeff-f390-497d-884c-c6901b6a8dd3,neolithic.love,available,4.98,38.98,medium,low,9,namecheap,,,03/09/2026 15:25
8f68afc5-cebc-4a55-b3de-4b52ee9aca4c,ashy.love,available,4.98,38.98,medium,low,4,namecheap,,,07/08/2026 02:04
19f25f46-820b-4466-94c7-a346e97cc5e8,grumpy.love,available,4.98,38.98,medium,low,6,namecheap,,,08/08/2026 07:57
6333aa1c-7d9d-40cd-add0-bff7014580df,drawer.love,available,4.98,38.98,high,low,6,namecheap,,,24/09/2026 23:56
5f192e06-e239-4ee0-a6d4-c7224f7091e4,fixation.love,available,9.99,28.99,high,low,8,namesilo,,,20/09/2026 09:06
cb122b8a-8aba-490a-8242-8bd7fab6b7f6,bated.love,available,4.98,38.98,medium,low,5,namecheap,,,09/08/2026 00:22
962953f8-001d-4331-95b7-a1758f85bb11,calla.love,available,9.99,28.99,high,low,5,namesilo,,,20/09/2026 12:12
f811f29d-4645-4a4d-963f-bcb2dc52d541,affected.love,available,4.98,38.98,high,low,8,namecheap,,,
368dc431-80cb-4e1a-b94b-ad19606157a8,prosodic.love,available,4.98,38.98,medium,low,8,namecheap,,,09/09/2026 03:39
edfd01e4-9074-40da-a224-c44876a92463,unblessed.love,available,4.98,38.98,medium,low,9,namecheap,,,12/09/2026 02:14
15106f78-0e41-4e4e-91b2-9782df5b763d,soldiers.love,available,9.99,28.99,medium,low,8,namesilo,,,
73cb581a-a9d4-4bc7-9aba-e96724a493c8,letter.love,premium,1811.45,2587.7,high,low,6,spaceship,,,28/09/2026 06:50
888c764c-87bc-4ef0-96c6-ddea8fec5d00,avoiding.love,available,4.88,22.97,high,low,8,spaceship,,,28/09/2026 03:32
07743425-fb7d-4fc6-b551-d8d3efc9db6d,subsequent.love,available,4.98,38.98,high,low,10,namecheap,,,11/09/2026 00:44
003aa3fb-5729-44b1-91de-da1c7652f68e,toughened.love,available,4.98,38.98,medium,low,9,namecheap,,,11/09/2026 10:54
556fa892-f487-4d83-a27e-63f644ad99da,craze.love,available,4.98,38.98,high,low,5,namecheap,,,24/09/2026 19:15
effbcc83-0489-4095-955e-66a4be2c0c8c,bidder.love,available,9.99,28.99,medium,low,6,namesilo,,,23/09/2026 13:43
8fdc320a-cfa0-4ba0-ac06-da94abecbec0,snooty.love,available,4.98,38.98,medium,low,6,namecheap,,,09/08/2026 20:39
8ea73aac-ded7-4f50-afb5-16b74c6d3378,eminently.love,available,4.98,38.98,medium,low,9,namecheap,,,14/09/2026 15:19
aa0025f3-af5f-4a94-9602-efd0826c9221,gamers.love,premium,640,640,high,low,6,namesilo,,,20/09/2026 23:00
751db0b7-6e93-479a-a72a-bea107d44648,campaigning.love,available,9.99,28.99,high,low,11,namesilo,,,
89c65c8d-1586-41ff-bff4-66866dfac308,bile.love,available,9.99,28.99,medium,low,4,namesilo,,,23/09/2026 15:41
994b76d3-45c3-4ae1-82c7-8bc7189001ef,skirting.love,available,4.98,38.98,medium,low,8,namecheap,,,20/09/2026 08:31
41515dd0-10e1-45a2-8dec-e8fa030d3ffc,assessable.love,available,4.98,38.98,medium,low,10,namecheap,,,07/08/2026 06:04
7e78bdc0-49a2-482b-bc8f-80559c8b708e,montgomery.love,available,9.99,28.99,high,low,10,namesilo,,,16/09/2026 12:22
00916136-bea3-4746-9a21-2f9d78f2ca77,koestler.love,available,9.99,28.99,medium,low,8,namesilo,,,20/09/2026 10:57
dec84877-4e39-4d7e-940b-2b07cbdead38,burning.love,premium,11040,11040,high,low,7,namesilo,,,23/09/2026 11:45
399e6e4d-41a5-4777-9c00-0ceff8c01528,entree.love,available,4.98,38.98,high,low,6,namecheap,,,16/09/2026 22:08
704965d4-3442-4153-bb17-36937711f8c9,ibuprofen.love,available,9.99,28.99,high,low,9,namesilo,,,17/09/2026 11:14
91840184-eed4-49e5-a460-1c25e2f398f3,vincent.love,premium,118.8,118.8,high,low,7,namesilo,,,25/09/2026 11:54
cb9cf835-2945-4f59-9ba1-79fcbff18ab7,dignity.love,available,9.99,28.99,high,low,7,namesilo,,,
32b59f7b-dede-4a35-9f67-ac5db3b19963,outmoded.love,available,4.98,38.98,medium,low,8,namecheap,,,14/08/2026 01:15
2b5ca9f6-e258-4e64-b014-42eab520dce1,alters.love,available,9.99,28.99,medium,low,6,namesilo,,,20/09/2026 13:23
0eaf190f-2046-4aaa-8120-73e7d3d23fb6,colonial.love,available,4.98,38.98,high,low,8,namecheap,,,12/08/2026 17:20
e51acf18-aae7-476e-967c-2a0a0d69d8c5,appendage.love,available,4.98,38.98,high,low,9,namecheap,,,19/09/2026 20:35
7993b0fb-040c-4d6e-ac56-91517b6c4bcf,oftentimes.love,available,4.98,38.98,medium,low,10,namecheap,,,14/09/2026 20:04
c7247d4a-578c-49da-a1f5-9e8c5d8fe9c6,abed.love,available,4.98,38.98,medium,low,4,namecheap,,,13/09/2026 16:13
6758ee60-3a27-43c5-bea0-ae57ba23cbfe,rounds.love,available,4.98,38.98,medium,low,6,namecheap,,,27/09/2026 02:23
7f730b78-0cf3-4e6b-99a1-49df80f8be9d,touchdowns.love,available,9.99,28.99,medium,low,10,namesilo,,,19/09/2026 23:06
91521be9-96fa-47eb-851e-d50e6d9d77ee,ammonia.love,available,9.99,28.99,high,low,7,namesilo,,,18/09/2026 22:08
b1575c17-2b89-45ce-acc2-6b348b1f8748,ordinate.love,available,4.98,38.98,high,low,8,namecheap,,,12/08/2026 22:29
7528c9f6-c88d-456c-b4b6-cf6f5bcfc6b9,cobb.love,available,4.88,22.97,medium,low,4,spaceship,,,28/09/2026 15:39
d41af139-ea71-4815-9a5c-66be8d102cc7,emmett.love,available,4.88,22.97,medium,low,6,spaceship,,,28/09/2026 08:01
dc90f9b5-f92b-4a86-85b8-28bfa90d2543,lamely.love,available,4.98,38.98,low,low,6,namecheap,,,15/09/2026 10:37
d741c0cd-86a5-4dd7-92f3-d3e08249b105,humoring.love,available,4.98,38.98,high,low,8,namecheap,,,05/09/2026 00:31
8ccfc66d-3e2c-4faa-96f7-e60db4e6ce61,fizzing.love,available,4.98,38.98,medium,low,7,namecheap,,,18/08/2026 06:02
61585748-3409-4fdf-89d3-8ba3ebd0d836,threatening.love,available,9.99,28.99,medium,low,11,namesilo,,,
0c1c7fdc-86bc-4b5d-b296-13fcd9f14c36,assure.love,available,9.99,28.99,high,low,6,namesilo,,,
b65f1de0-96cd-4322-9e61-6ecad937beec,unchanging.love,available,4.98,38.98,medium,low,10,namecheap,,,12/09/2026 05:04
c70c3270-7ea0-46fa-ac4a-6c4aff4f7cea,grass.love,premium,7000,,high,low,5,name.com,,,
d7a11b0a-e0de-4cf2-bf1d-40436b8ca8a3,quarters.love,available,9.99,28.99,high,low,8,namesilo,,,
3cd0264c-5ee4-48f6-82ef-1c567deff271,millilitre.love,available,4.98,38.98,medium,low,10,namecheap,,,11/08/2026 22:55
dabebcd5-6c43-4cfe-8309-1ea48ca699ed,posters.love,premium,218.75,,medium,low,7,name.com,,,
98ec047d-7d6c-4a45-8a81-669e12b36e64,argonon.love,available,9.99,28.99,medium,low,7,namesilo,,,20/09/2026 04:42
533a3bc8-9943-4f95-9d79-6c61f3dc28c5,covering.love,available,9.99,28.99,high,low,8,namesilo,,,
6212403f-0909-4331-84b6-b233f50e63cf,represented.love,available,9.99,28.99,high,low,11,namesilo,,,
081caa36-1e75-47cf-bc6e-245fa9bad18e,llp.love,premium,1312.5,,high,low,3,name.com,,,
dd66fee9-fe6f-4b14-b5ee-d3193cf4e3a1,wording.love,available,9.99,28.99,high,low,7,namesilo,,,
cab468a3-8164-4860-b68e-1631ca1d556e,apery.love,available,9.99,28.99,medium,low,5,namesilo,,,19/09/2026 16:43
d7d53965-f9ec-461c-8749-5c2a53651299,smarts.love,available,4.98,38.98,high,low,6,namecheap,,,16/09/2026 18:16
43d88e10-c4b2-4a31-bdf4-d61962d71535,steadily.love,available,4.98,38.98,medium,low,8,namecheap,,,10/09/2026 19:32
fd9333ab-f38c-4537-9e08-9ff3a8c6c142,pictures.love,premium,5520,5520,high,low,8,namesilo,,,25/09/2026 16:28
900e604c-4801-4baf-8707-b2eb7544d5bc,dastardly.love,available,39.99,44.99,medium,low,9,name.com,,,13/08/2026 18:31
ab4d5655-c2c7-41f7-922c-8378cd518f8d,anoa.love,available,9.99,28.99,medium,low,4,namesilo,,,19/09/2026 11:10
551ae387-62d5-4b98-b591-e35e764cba91,allegheny.love,available,9.99,28.99,medium,low,9,namesilo,,,18/09/2026 10:28
316aae6f-0b06-4510-8fcc-fbcc2dd88ba1,knowingly.love,available,4.98,38.98,medium,low,9,namecheap,,,15/09/2026 10:35
a274090d-4274-4e53-962a-282f44a82dd9,uphill.love,available,4.98,38.98,medium,low,6,namecheap,,,
2ada707a-21f6-4218-848e-f3129c7da05b,copeland.love,available,9.99,28.99,high,low,8,namesilo,,,27/09/2026 07:52
7126ba72-4bea-4ab3-96bf-fdf01a8b8969,aubrey.love,premium,640,640,high,low,6,namesilo,,,27/09/2026 07:41
ede7095b-c65b-4f95-b855-3367548dae72,guile.love,available,4.98,38.98,medium,low,5,namecheap,,,13/08/2026 10:41
7f7202c8-b918-4764-9d97-9ced11dff12a,attendant.love,available,9.99,28.99,high,low,9,namesilo,,,21/09/2026 15:40
b25f85fa-2814-4dcf-bcc7-135a7b69b5ba,eugenic.love,available,4.98,38.98,medium,low,7,namecheap,,,17/08/2026 14:11
6efa8d9c-69fe-4755-a97b-44089f319004,aunt.love,premium,302.5,302.5,high,low,4,namesilo,,,28/09/2026 23:17
5e9dbab4-91d2-4e3d-9f4f-f37578bb6f4d,pabulum.love,available,4.98,38.98,medium,low,7,namecheap,,,12/08/2026 18:49
b19c466d-6139-43a6-99fe-6f1c7d2238bc,copies.love,available,9.99,28.99,medium,low,6,namesilo,,,27/09/2026 09:16
43d11887-8dec-4024-a552-54a5998ff8ad,ballooning.love,available,9.99,28.99,high,low,10,namesilo,,,21/09/2026 23:14
7be3dac9-e024-4248-95c6-782c1137f1a5,adverbs.love,available,9.99,28.99,medium,low,7,namesilo,,,18/09/2026 21:42
b71f68e5-877a-4b1a-9335-4b879fc521d2,peanut.love,available,4.98,38.98,high,low,6,namecheap,,,08/09/2026 11:13
242039b1-84c8-4e38-84ff-9044bc3da37c,polygonal.love,available,4.98,38.98,medium,low,9,namecheap,,,08/09/2026 23:20
facfcb1e-238a-4bf0-ab06-c2702535d709,spacy.love,available,4.98,38.98,high,medium,5,namecheap,,,10/09/2026 15:05
be207919-f18a-4ebd-bcd7-94c9f3975fb0,divergent.love,available,4.98,38.98,high,low,9,namecheap,,,14/08/2026 13:35
1df827d1-be2e-40e6-98ba-d5594d7fd86f,internets.love,available,8.75,23.17,medium,low,9,porkbun,,,28/09/2026 02:35
5b3a987e-c1b3-43a0-95ee-c82e089adbc8,suppertime.love,available,9.99,28.99,high,low,10,namesilo,,,24/09/2026 22:23
f988f313-7e97-473a-96e0-bbae21b37c5a,didrikson.love,available,4.98,38.98,medium,low,9,namecheap,,,21/09/2026 12:34
5c20bd25-0cb3-432e-abca-b447770f024e,snobby.love,available,4.98,38.98,medium,low,6,namecheap,,,12/08/2026 11:23
07bb31d2-997c-4f88-b504-fccae3e55790,kenny.love,premium,118.8,118.8,medium,low,5,namesilo,,,26/09/2026 03:38
64c847da-b588-4c39-b6a6-4501d4f58ec2,romans.love,premium,71.93,102.67,high,low,6,spaceship,,,28/09/2026 19:05
d7249095-a4f6-423f-b545-2743a72a0da2,criminal.love,available,4.98,38.98,high,low,8,namecheap,,,23/09/2026 19:22
d6087a49-b622-4f63-8314-b169d0a53daf,estimating.love,available,9.99,28.99,medium,low,10,namesilo,,,
b5783744-fa4f-4e3e-aae9-3a625792dce4,warrington.love,available,9.99,28.99,medium,low,10,namesilo,,,28/09/2026 07:51
d3f6c31f-cfaf-414a-8a70-af33855b8ee2,rub.love,premium,1086.95,1552.7,high,low,3,spaceship,,,28/09/2026 10:09
a59f5153-5156-4ad3-9fcf-d408565beebb,contestant.love,available,4.98,38.98,medium,low,10,namecheap,,,14/08/2026 12:45
e7303830-b42b-4125-ab19-391637837839,comprehensive.love,available,8.78,23.76,medium,low,13,dynadot,,,29/09/2026 02:53
dfe26d58-91e7-48d6-8789-21132185489b,swishing.love,available,9.99,28.99,high,low,8,namesilo,,,18/09/2026 03:16
229c05e4-8494-43a9-97b0-886e159058d7,redstart.love,available,,,high,low,8,,,,18/09/2026 20:37
651beb67-dd85-4ae7-a7d8-a0ab4819ef77,wealthily.love,available,9.99,28.99,medium,low,9,namesilo,,,16/09/2026 11:21
f23fcfa7-a0fd-4a5f-8a57-cdde7452add8,applejack.love,available,4.98,38.98,medium,low,9,namecheap,,,19/09/2026 21:35
b58b2763-d193-4a53-8a19-7a5824675cb4,bosses.love,available,9.99,28.99,medium,low,6,namesilo,,,18/09/2026 05:55
cb4b98d4-4cef-4ff4-8a1c-49732bad2565,paget.love,available,9.99,28.99,medium,low,5,namesilo,,,29/09/2026 01:47
083de87c-a2fa-4b3a-b55c-63a9871d5110,poorly.love,available,9.99,28.99,medium,low,6,namesilo,,,25/09/2026 07:34
09551df4-0882-4417-a002-13bf62646135,complicate.love,available,4.98,38.98,high,low,10,namecheap,,,08/09/2026 14:25
f3b73851-7501-42d0-a6fa-297c2f0b650b,olympics.love,premium,2187.5,,high,low,8,name.com,,,
44cab5d7-7840-41be-b568-17510ad49bf4,manifest.love,resell,,,high,medium,8,GoDaddy,28/10/2015 06:17,28/10/2027 23:59,28/09/2026 07:45
eb2ee5d3-9da9-463b-8e2b-846e34bb8f96,appearing.love,available,4.98,38.98,high,low,9,namecheap,,,19/09/2026 20:25
386cd9a8-fe51-4542-84e9-244697e0828a,entertaining.love,available,20.2,20.2,high,low,12,cloudflare,,,28/09/2026 07:00
8ab9f17e-9e41-4247-b612-9bac07b45869,edged.love,available,39.99,44.99,medium,low,5,name.com,,,13/08/2026 13:14
12d08d97-efdd-467a-973c-fd9099c46956,reticently.love,available,4.98,38.98,medium,low,10,namecheap,,,15/09/2026 23:31
84105c5c-ce86-4a7c-bce1-6be373121071,accurst.love,available,4.98,38.98,medium,low,7,namecheap,,,
036c8890-86c7-4399-8d1a-ff16fd6b8cfe,repellent.love,available,4.98,38.98,medium,low,9,namecheap,,,14/08/2026 10:39
0cfc9980-be20-479b-8a18-e28889026e2b,archbishop.love,available,9.99,28.99,medium,low,10,namesilo,,,20/09/2026 01:46
f877c3e1-89e7-4dca-b2e5-c7b65d8eaed8,bellflower.love,available,4.98,38.98,high,low,10,namecheap,,,23/09/2026 06:06
6967ba1d-5987-44d6-b37b-9f500fbe511e,jenner.love,available,4.88,22.97,medium,low,6,spaceship,,,29/09/2026 00:45
301737d4-4561-4a10-aee9-245d4d6d9939,purposeful.love,available,4.98,38.98,high,medium,10,namecheap,,,09/09/2026 06:25
94a434ee-b4e5-49f6-8b80-94ecbb55994b,habitable.love,available,4.98,38.98,high,low,9,namecheap,,,20/08/2026 21:25
2a078d75-bb60-4bb0-a359-c2c7b0665bfa,zest.love,premium,218.75,,high,low,4,name.com,,,
f72aab71-4c42-4637-9d24-38f26209eba4,kidnapper.love,available,9.99,28.99,medium,low,9,namesilo,,,16/09/2026 14:52
77fc2a17-8fef-471c-8748-6b53cc6830dc,buzz.love,premium,13800,13800,high,low,4,namesilo,,,25/09/2026 00:26
7171655e-6621-4bf2-9231-a2089b633f13,whipped.love,available,20.2,20.2,medium,low,7,cloudflare,,,28/09/2026 21:21
e6515771-1f68-453d-a6bb-8af547cffdb4,wildly.love,available,9.99,28.99,medium,low,6,namesilo,,,16/09/2026 11:29
0f8cc0eb-b71d-427b-852e-1bcd3ee58e32,destroys.love,available,4.98,38.98,low,low,8,namecheap,,,29/09/2026 05:36
5d0f0fab-058f-4e2f-b836-513f8d8856e1,journal.love,premium,5460,7800,high,low,7,namecheap,,,19/09/2026 18:05
3d2ef373-52d1-4d93-b22c-6213fe328a49,allspice.love,available,4.98,38.98,high,low,8,namecheap,,,18/09/2026 12:10
cc4b0edb-093d-40e4-a804-1073074bd89d,sceptical.love,available,4.98,38.98,medium,low,9,namecheap,,,14/08/2026 09:36
040102a7-a30a-499e-8d00-6f648aeca012,holocene.love,available,4.98,38.98,medium,low,8,namecheap,,,09/09/2026 11:21
389365d5-f68f-46b6-a142-72080d667023,lifetime.love,premium,90.09,128.7,high,low,8,namecheap,,,25/09/2026 23:26
18ec17dc-3bc5-4efe-9705-43883ff823e1,incan.love,available,4.98,38.98,medium,low,5,namecheap,,,22/08/2026 00:44
66b12d31-7769-40f2-9174-b7d63acf1ca5,cinematic.love,premium,218.75,312.5,high,low,9,name.com,,,12/08/2026 08:13
edb52ce6-f6d3-47c6-a597-0654cc7dea24,visibly.love,available,4.98,38.98,medium,low,7,namecheap,,,16/09/2026 11:04
7c7463b5-bcaa-490d-bf8b-7f108db75873,athenian.love,available,4.98,38.98,medium,low,8,namecheap,,,07/08/2026 13:08
b44b37ea-8056-42a1-a759-41d2b6ca17eb,compilers.love,available,9.99,28.99,medium,low,9,namesilo,,,
deaf5a92-bd73-4674-9696-4ef6ac984005,mantrap.love,available,4.98,38.98,medium,low,7,namecheap,,,22/08/2026 16:50
b7d8d6e9-15e5-4e8a-9256-1461a8709d82,sickly.love,available,4.98,38.98,high,low,6,namecheap,,,
eb5f3a69-9e9e-46b1-917a-673e903df319,bacterial.love,available,9.99,28.99,high,low,9,namesilo,,,22/09/2026 16:00
90757d2b-1872-466b-a234-bf54e6fe1c75,greylag.love,available,9.99,28.99,medium,low,7,namesilo,,,19/09/2026 12:07
aea50e13-25fa-4e8f-84d2-c4a9ab14935d,alms.love,available,9.99,28.99,medium,low,4,namesilo,,,18/09/2026 12:43
fd092394-b69e-4b9a-aeae-e5a8fabcb68b,harcourt.love,available,9.99,28.99,medium,low,8,namesilo,,,27/09/2026 08:10
ee7a05fc-e8df-4d75-b199-58d3f57c8d35,branchless.love,available,4.98,38.98,medium,low,10,namecheap,,,11/08/2026 02:21
33616fa4-4800-40de-ad81-8310b464591e,seasonally.love,available,4.98,38.98,medium,low,10,namecheap,,,16/09/2026 00:48
e4b9c2cf-8bbe-473e-abc5-05fa96969167,tinkly.love,available,4.98,38.98,medium,low,6,namecheap,,,11/09/2026 16:15
583c5c32-19ab-4742-92f3-ef637ecc2ded,grouping.love,available,38.98,,high,low,8,namecheap,,,
832e7b56-cac2-48d7-aaf2-6bd8f8797199,wed.love,premium,5250,7500,high,low,3,name.com,,,13/09/2026 09:28
bc702163-66c8-4788-a542-5a8d93286b0e,sophie.love,premium,455,650,high,low,6,namecheap,,,25/09/2026 11:44
816c44d5-517b-4e74-99d9-388a61bbefd4,scriptural.love,available,4.98,38.98,medium,low,10,namecheap,,,09/08/2026 18:55
5d600e58-15fe-462d-8be4-34f820fd1d6c,mole.love,available,9.99,28.99,high,low,4,namesilo,,,27/09/2026 11:53
84cf6828-f97b-4bed-b6bd-811bf549bb08,ramate.love,available,4.98,38.98,medium,low,6,namecheap,,,11/08/2026 02:17
b914b920-e768-4c27-b1ab-5eda0a8d1169,marguerite.love,available,9.99,28.99,high,low,10,namesilo,,,20/09/2026 04:58
c7da67ad-f974-4a2b-b10a-ada43f6fab5c,ratios.love,available,9.99,28.99,medium,low,6,namesilo,,,20/09/2026 23:23
35e41d3d-4d99-4e14-9246-f63414f428d0,fortissimo.love,available,4.98,38.98,high,low,10,namecheap,,,18/08/2026 12:41
87749a0f-922f-4a47-adc7-b012cfb7426c,nsf.love,premium,1995,1995,high,low,3,namesilo,,,28/09/2026 10:31
0e138c65-eabb-4ea3-8c38-8ac22598cbba,underbred.love,available,4.98,38.98,high,medium,9,namecheap,,,10/08/2026 22:18
899f169c-152e-4e9a-99ee-43b92f8b308e,positions.love,premium,302.5,302.5,medium,low,9,namesilo,,,19/09/2026 00:35
4e1a1b8d-f87f-4258-89d7-4ed1b96030dd,bandage.love,available,9.99,28.99,high,low,7,namesilo,,,22/09/2026 00:52
d3e67bf9-7cab-4aeb-8a13-48f7fd7cf70b,tropical.love,premium,90.09,128.7,high,low,8,namecheap,,,11/09/2026 20:24
4d01e549-6952-406d-bca9-a19df39bd502,vocational.love,available,4.98,38.98,high,low,10,namecheap,,,13/09/2026 06:29
70f4ece1-cdc1-486e-8c68-1dd40bb51889,valuator.love,available,9.99,28.99,medium,low,8,namesilo,,,19/09/2026 22:13
d441cc66-015a-4e79-9fe0-c6a9df16576b,weedy.love,available,4.98,38.98,medium,low,5,namecheap,,,09/09/2026 23:44
ae47eaa5-18e9-4e8b-b135-f8357b091873,fenestral.love,available,4.98,38.98,medium,low,9,namecheap,,,18/08/2026 01:09
f93cd156-9f54-447f-b543-e6072e353d25,gambler.love,available,9.99,28.99,high,low,7,namesilo,,,29/09/2026 01:03
6bbc69af-8356-4e32-8733-e92f98339602,creaky.love,available,4.98,38.98,medium,low,6,namecheap,,,06/08/2026 22:59
1ea5df72-5acc-48af-965c-2fa24cbde420,duane.love,available,4.88,22.97,medium,low,5,spaceship,,,27/09/2026 19:56
0ef1a9fe-1737-4189-9b7e-2104ab02fcf6,malevolent.love,available,4.98,38.98,medium,low,10,namecheap,,,24/08/2026 13:52
32771602-e97b-4a79-8d5f-5a9f8e92f498,tumor.love,available,20.2,20.2,medium,low,5,cloudflare,,,28/09/2026 10:32
938c4ed4-a72e-4536-b14c-3d6e026d2613,powerful.love,premium,302.5,302.5,high,low,8,namesilo,,,23/09/2026 09:23
8586845b-f547-47d6-a246-ae3f903768d8,bed.love,premium,8280,8280,high,low,3,namesilo,,,29/09/2026 01:46
38c659d4-0a13-4afa-8251-a559dc9b8a01,contorted.love,available,4.98,38.98,medium,low,9,namecheap,,,12/08/2026 23:22
b607cc1a-15ba-4fb8-b5e6-d1aaadcbe5b3,cultural.love,premium,700,1000,high,low,8,name.com,,,13/08/2026 10:15
bf9da400-c9ac-4277-b04a-6954058f1194,injure.love,available,9.99,28.99,medium,low,6,namesilo,,,28/09/2026 11:07
909e8daf-f41d-40a0-99df-ae4e830e3397,trying.love,available,4.98,38.98,high,low,6,namecheap,,,03/09/2026 15:44
a8687496-bd7f-4fb0-a67c-0a97bc0c7ce0,wiz.love,premium,5460,7800,high,low,3,namecheap,,,21/09/2026 18:16
6a61ba16-297b-4ba8-8c55-9c98522ebc6a,monitory.love,available,4.98,38.98,medium,low,8,namecheap,,,
5e0492ef-1a4e-4feb-9947-77c1e2353e24,versatile.love,available,4.98,38.98,high,low,9,namecheap,,,13/09/2026 04:27
11578a50-45fe-4f72-8b13-6c1ec0c30e41,ringing.love,available,9.99,28.99,high,low,7,namesilo,,,27/09/2026 05:00
eaa38043-2f25-41bf-bf1c-883cd020596c,desert.love,premium,302.5,302.5,high,low,6,namesilo,,,24/09/2026 06:40
51140e84-bc0b-478a-8d29-285b58f5eec5,telluric.love,available,4.98,38.98,medium,low,8,namecheap,,,11/09/2026 10:39
1fa641b0-5577-4c6d-b207-94e2f9801487,thief.love,available,38.98,,high,low,5,namecheap,,,
f8e0011d-e550-4ad5-af33-b559987e17c7,sent.love,premium,1995,1995,high,low,4,namesilo,,,19/09/2026 16:10
eea5c0d6-e16d-44f9-a265-2f3e07de4d91,woody.love,available,4.98,38.98,high,low,5,namecheap,,,06/08/2026 13:08
98181377-a39e-472e-8659-e42bebb7b678,generation.love,premium,640,640,high,low,10,namesilo,,,24/09/2026 16:15
4ac362f5-d957-43ee-bf82-828efc69dcc5,unpredictable.love,available,8.75,23.17,medium,low,13,porkbun,,,28/09/2026 15:57
0464d108-8b20-4e8e-aaa3-0991cab17efd,algebraic.love,available,4.98,38.98,medium,low,9,namecheap,,,
7e90d65d-2367-401a-8724-e7a0d46f844a,surgery.love,premium,8280,8280,high,low,7,namesilo,,,25/09/2026 23:54
12fe735d-c17a-4bfd-bc3c-05edfa3b0fce,kathryn.love,available,39.99,44.99,high,low,7,name.com,,,27/09/2026 07:34
8b164dd5-8b64-4bda-b8a0-4cbcf5e49165,timed.love,available,4.98,38.98,high,low,5,namecheap,,,11/09/2026 16:00
52c04868-f32d-424e-83b7-27260df751ee,dexterous.love,available,4.98,38.98,high,low,9,namecheap,,,13/08/2026 23:51
970195be-e67b-48c4-bcfa-aa8c6323eb27,prohibited.love,available,4.98,38.98,medium,low,10,namecheap,,,08/08/2026 13:48
519fba47-a7b5-4ec1-9137-8214833037f8,goes.love,available,9.99,28.99,high,low,4,namesilo,,,25/09/2026 16:38
1d25f59a-19e2-4cf2-8b7f-151427d4c5ca,clot.love,available,4.98,38.98,medium,low,4,namecheap,,,12/08/2026 13:36
7e2f2094-8a10-4ac8-8e99-6f564e997936,clonal.love,available,4.98,38.98,medium,low,6,namecheap,,,12/08/2026 12:01
a468773b-c185-4b64-9e5f-63119d6f1426,diet.love,premium,13800,13800,high,low,4,namesilo,,,24/09/2026 22:16
564779bc-49e8-4d3d-8d55-6c6df74fa777,quarto.love,available,9.99,28.99,medium,low,6,namesilo,,,16/09/2026 12:37
4475afad-2822-45ec-9c9e-595da14bf62e,intensely.love,available,4.98,38.98,high,low,9,namecheap,,,15/09/2026 08:54
d1fc71c8-7be7-4dd1-841a-fb8119b2d9e6,venomed.love,available,4.98,38.98,medium,low,7,namecheap,,,13/09/2026 02:06
59f78e43-d0de-4aa5-a3e4-74fa082999a8,recumbent.love,available,4.98,38.98,medium,low,9,namecheap,,,
742fb864-9c03-4a25-9795-04d51d694401,cairo.love,available,8.78,23.76,high,low,5,dynadot,,,28/09/2026 19:56
a05c3068-d1d8-4f8c-9513-33ab93f57b82,reference.love,available,8.78,23.76,high,low,9,dynadot,,,28/09/2026 18:25
79ac2cea-5551-48e5-9848-e5a6c153aae4,bergson.love,available,9.99,28.99,medium,low,7,namesilo,,,23/09/2026 09:22
4d92299d-8b70-4b62-80ba-93fba3ce1d81,lacrimal.love,available,4.98,38.98,medium,low,8,namecheap,,,22/08/2026 17:57
f3fbaace-1a42-47e0-b806-c9211e821b9d,dilatory.love,available,4.98,38.98,medium,low,8,namecheap,,,14/08/2026 07:31
bcc64f36-cbba-46c6-986a-3f2b3789291e,crate.love,available,4.98,38.98,high,low,5,namecheap,,,24/09/2026 19:07
94b40c7e-f947-46a1-88b8-5f6e41bdeba1,braided.love,available,4.98,38.98,medium,low,7,namecheap,,,11/08/2026 01:28
eba92cbd-c2b5-4502-a877-fbe2d6616e85,soggy.love,available,4.98,38.98,high,low,5,namecheap,,,10/08/2026 17:14
1cdf447c-b821-48e4-ac42-e11b8527395f,tot.love,premium,5520,5520,high,low,3,namesilo,,,22/09/2026 00:39
b5a1ea50-597d-4bb5-8bb8-c6472a06c3b7,tetrad.love,available,4.98,38.98,medium,low,6,namecheap,,,
bfeae123-7948-4b4c-88ce-b6a45908f8ba,inflatable.love,available,4.98,38.98,high,low,10,namecheap,,,22/08/2026 04:29
757129be-4723-4411-9a8d-80d745537c09,swiss.love,premium,1995,1995,high,medium,5,namesilo,,,19/09/2026 06:01
7f9d57d4-d1ea-4c2a-983d-b10684598ef0,tabu.love,available,4.98,38.98,high,low,4,namecheap,,,18/08/2026 11:04
1f82bd04-1302-4506-abda-5c1374ed6ce3,response.love,available,4.88,22.97,high,low,8,spaceship,,,28/09/2026 21:33
7d759f52-2642-495a-b1f5-8fdb086ea744,chagrined.love,available,4.98,38.98,medium,low,9,namecheap,,,
f61e78b9-eae7-4de8-b855-49ca722f1bce,butterball.love,available,4.98,38.98,medium,low,10,namecheap,,,17/08/2026 23:59
c6b94dbe-17d7-410e-82f7-747261114414,hie.love,premium,1365,1950,medium,low,3,namecheap,,,09/09/2026 19:49
e0e7f3b5-3986-4988-8326-48a7cfb3ec3b,gloves.love,premium,8280,8280,medium,low,6,namesilo,,,25/09/2026 19:42
cfef6702-c2e5-4832-8285-bbc97f693c37,ayres.love,available,8.78,23.76,medium,low,5,dynadot,,,28/09/2026 12:24
bcb102a8-e9d6-4988-b336-75efe0e6f82b,coxa.love,available,9.99,28.99,high,low,4,namesilo,,,20/09/2026 11:23
777db0dc-eec4-4523-8165-1a4ee35752a2,assaulter.love,available,9.99,28.99,medium,low,9,namesilo,,,17/09/2026 17:42
3db993a6-0862-4110-96e8-1c7eb0a73e7b,comb.love,available,4.98,38.98,high,low,4,namecheap,,,24/09/2026 16:22
c4a2fb09-f29f-4f79-928f-66a4d9f221ba,aplysia.love,available,4.98,38.98,medium,low,7,namecheap,,,19/09/2026 17:53
0eb05aff-7981-4322-881b-ec2f0fb14d08,tolu.love,available,4.98,38.98,medium,low,4,namecheap,,,22/09/2026 00:08
56868046-fd3f-4a64-9ff7-98fad6d40a9e,acetin.love,available,9.99,28.99,medium,low,6,namesilo,,,17/09/2026 00:06
2eabbaf9-0ef2-4f4a-bb9e-37c83b88b8d2,integrity.love,resell,,,high,medium,9,,,,27/09/2026 14:20
40a14342-d6ea-4713-8add-6423c617439e,wilfred.love,available,4.88,22.97,medium,low,7,spaceship,,,28/09/2026 07:49
54653e33-f5c3-4c00-85d1-3cde4979acb9,montane.love,available,4.98,38.98,medium,low,7,namecheap,,,25/08/2026 05:41
d499b51d-5168-4187-8037-25c95d22f5c3,feeder.love,available,4.98,38.98,high,low,6,namecheap,,,12/08/2026 21:09
38bac9f8-89e4-4451-a25f-bcc19d611a60,seedcase.love,available,4.98,38.98,medium,low,8,namecheap,,,12/08/2026 15:07
18aeb76b-4fa5-4d5a-9a5c-20d816ca56c3,chewing.love,available,9.99,28.99,high,low,7,namesilo,,,24/09/2026 14:24
3407c5d9-bcd6-4ebe-812f-60616b1aada1,formative.love,available,4.98,38.98,high,low,9,namecheap,,,18/08/2026 12:07
46d1ac3c-d9c0-496b-9078-f473d3a73823,balzac.love,available,4.98,38.98,medium,low,6,namecheap,,,22/09/2026 00:32
87933956-9fdf-4cc1-8ff5-7045f17cc09b,causes.love,available,9.99,28.99,medium,low,6,namesilo,,,27/09/2026 09:34
f7ce0162-fa5e-481b-8dd3-3dce00108dac,hashtag.love,premium,1312.5,,high,low,7,name.com,,,
5c8fef6d-a507-4390-828b-26e59d0333be,consolation.love,available,9.99,28.99,high,low,11,namesilo,,,28/09/2026 22:58
99844d92-68f1-424b-9162-ee07ef69e191,breathtaking.love,available,9.99,28.99,high,low,12,namesilo,,,
50343ac5-c81c-4f9f-a724-d5ec8e35977f,androgyne.love,available,4.98,38.98,medium,low,9,namecheap,,,17/08/2026 10:38
f60d8187-cda1-4f82-9c9f-b0b79baa694b,portuguese.love,available,9.99,28.99,high,low,10,namesilo,,,25/09/2026 15:43
a92627b4-7e9e-45d8-81bc-a58c18d23dc8,wheezing.love,available,4.98,38.98,medium,low,8,namecheap,,,07/08/2026 09:25
4678ec36-b547-4b39-886c-6c69c51ad61d,kampala.love,premium,1995,1995,medium,low,7,namesilo,,,24/09/2026 12:28
03f778ac-24ad-41e2-9cd4-3261110f568c,beckett.love,available,9.99,28.99,high,low,7,namesilo,,,22/09/2026 22:39
598f3c48-238e-4394-934f-d14bb790d53b,college.love,premium,7000,,high,low,7,name.com,,,
e70d3798-92a1-4d25-8a6a-6c3dda1ad706,crudely.love,available,4.98,38.98,medium,low,7,namecheap,,,13/09/2026 20:58
98c02d79-304d-46c6-a1d5-832cff2134d5,bathe.love,available,9.99,28.99,high,low,5,namesilo,,,29/09/2026 01:32
3c812290-4232-49d0-9165-8888d36b4351,catkinate.love,available,4.98,38.98,medium,low,9,namecheap,,,11/08/2026 22:09
220ca04d-a60a-49c5-ba60-fb9d88818e73,haley.love,premium,118.8,118.8,high,low,5,namesilo,,,18/09/2026 05:45
c370e9da-0578-4946-ba17-88e77edc26d0,parallel.love,available,4.98,38.98,high,low,8,namecheap,,,
4e8aeb07-7689-4681-ae56-bda1d6e71718,wig.love,premium,7000,,high,low,3,name.com,,,
756be641-c166-439b-a4ae-e9aae7ba536e,revelatory.love,available,4.98,38.98,high,low,10,namecheap,,,06/08/2026 00:55
efd9b4f1-df83-452d-b940-9615f358623f,median.love,available,9.99,28.99,high,low,6,namesilo,,,25/09/2026 18:47
5d49dcde-d9a3-4bbd-8104-f8fa31ff8688,reliant.love,available,4.98,38.98,high,low,7,namecheap,,,09/09/2026 13:35
0a8a74b9-c82c-47fb-aa7d-e574a05632b5,binnacle.love,available,9.99,28.99,medium,low,8,namesilo,,,23/09/2026 17:36
4ebcdb39-837b-42a8-980a-80d0777fc411,gibbs.love,premium,5520,5520,high,low,5,namesilo,,,25/09/2026 06:33
39a316ee-6b51-4cc3-9645-ccfeb145346d,thigh.love,available,9.99,28.99,high,low,5,namesilo,,,29/09/2026 02:11
202ea3ac-8993-46d6-8867-98fee6ea5587,allium.love,available,9.99,28.99,high,low,6,namesilo,,,18/09/2026 11:13
245ee19b-4f94-4430-853f-4614043d38b2,baneberry.love,available,9.99,28.99,medium,low,9,namesilo,,,22/09/2026 01:43
13f56368-0610-4e71-a317-72fe4d620000,victims.love,available,4.98,38.98,medium,low,7,namecheap,,,18/09/2026 21:07
f2dfaaf7-1fcf-443b-a4bf-7b0d4c69973d,transition.love,resell,,,high,low,10,,,,28/09/2026 09:22
cf682cf3-788d-4ff4-9ef0-51161d1616da,grey.love,premium,227.5,325,high,low,4,namecheap,,,08/09/2026 07:08
ea9483b1-0706-4b64-966a-bbfe813b2528,succulent.love,available,4.98,38.98,high,low,9,namecheap,,,11/09/2026 00:58
8e883f57-c5d3-40ef-bab7-762a20379645,steroidal.love,available,4.98,38.98,medium,low,9,namecheap,,,10/09/2026 20:19
87dba919-80aa-477f-8793-3154e318c821,blackjack.love,resell,,,high,low,9,RegistryGate GmbH,17/07/2015 14:00,17/07/2027 23:59,26/09/2026 04:28
016dce0b-863f-4bac-b40f-b6b8e11b118a,witching.love,available,4.98,38.98,medium,low,8,namecheap,,,13/09/2026 12:46
cc34dfb7-ae75-4674-a2c0-97b038e013b1,adversary.love,available,4.98,38.98,medium,low,9,namecheap,,,17/09/2026 10:44
107d1910-1be8-4753-9534-467ea6537eed,dans.love,premium,,,medium,low,4,,,,28/09/2026 04:35
4369aa6e-c167-4927-8d2e-6cdec04d97cb,nowise.love,available,4.98,38.98,low,low,6,namecheap,,,15/09/2026 17:05
cb0e20ab-2a9d-4b5d-b841-bfb380067d4d,argentine.love,available,,,high,high,9,,,,
1604fae7-90b8-49c1-92ad-26cc82d300f0,clockwise.love,available,4.98,38.98,high,low,9,namecheap,,,12/08/2026 11:33
70438c93-7d18-4093-8804-525e2ad8edb9,impression.love,available,9.99,28.99,high,low,10,namesilo,,,
e3d00c4a-a2cc-4178-aadb-667201870c12,incidentally.love,available,8.78,23.76,medium,low,12,dynadot,,,28/09/2026 21:17
ebbfc872-a845-424f-8905-38fd99bf15e4,explosions.love,available,9.99,28.99,low,low,10,namesilo,,,28/09/2026 23:40
282d6cb2-2ca0-4d24-a678-e0dc67b278cb,combine.love,available,4.88,22.97,high,low,7,spaceship,,,28/09/2026 13:39
3a1355ae-72b4-45ba-89c2-06c574a7fa1e,isbn.love,available,9.99,28.99,high,low,4,namesilo,,,
f8ac3c13-6995-46a3-9e72-e2e9411fdbc7,relieved.love,available,4.98,38.98,high,low,8,namecheap,,,
564372dd-a608-4af5-ad3d-0fe968d5dc4b,aleut.love,available,4.98,38.98,high,low,5,namecheap,,,
508901e4-3d17-493e-a01e-f2a3073cd0e5,funnily.love,available,4.98,38.98,medium,low,7,namecheap,,,14/09/2026 20:40
4707c24d-b4b3-4754-b1ee-beb7f4e3999c,polio.love,available,9.99,28.99,medium,low,5,namesilo,,,17/09/2026 05:40
ff8e5de8-5678-4e31-ab19-57aef249f46e,oklahoman.love,available,9.99,28.99,medium,low,9,namesilo,,,16/09/2026 05:05
fe71fe0f-406e-4b2a-ba2c-5d777ea32db6,nebulizer.love,available,9.99,28.99,high,low,9,namesilo,,,21/09/2026 00:21
a7444f67-3459-4888-ab6f-cd059f321c12,smile.love,premium,854,854,high,medium,5,namesilo,,,27/09/2026 22:59
7d7def4f-4b4e-4b56-8732-32f37a35c817,shasta.love,available,4.88,22.97,medium,low,6,spaceship,,,28/09/2026 14:55
16d1e4cc-457e-441d-89ec-d3ef347b58e7,fermium.love,available,39.99,44.99,medium,low,7,name.com,,,20/09/2026 21:55
70e8bbc4-033b-4f14-89f2-01593294f077,crisscross.love,available,4.98,38.98,high,low,10,namecheap,,,13/08/2026 07:25
b3076a56-7d1b-44f4-a475-26313f3ce313,orbicular.love,available,4.98,38.98,medium,low,9,namecheap,,,08/08/2026 10:11
21e023a8-7b22-431a-8ef4-3c23340f1a48,estelle.love,available,9.99,28.99,medium,low,7,namesilo,,,29/09/2026 03:59
86e3f876-514f-429d-980f-1afcd9dee6a5,repeatable.love,available,4.98,38.98,medium,low,10,namecheap,,,09/09/2026 09:08
d4f7267f-3eff-4dc7-a7c1-44c0f5cc214e,bargaining.love,available,9.99,28.99,high,low,10,namesilo,,,22/09/2026 05:36
0c06c29b-8af9-415d-a63f-b1c80fa41d27,seat.love,premium,3500,5000,medium,low,4,name.com,,,09/08/2026 11:32
a49fbb2e-7ab9-49a5-80af-1fd46031265f,faded.love,premium,302.5,302.5,high,low,5,namesilo,,,22/09/2026 11:25
7363c1f9-b063-4728-8a22-bbf1bf2ad8a4,urges.love,available,9.99,28.99,medium,low,5,namesilo,,,16/09/2026 09:15
addece0c-a878-41c0-8191-394bb5473505,hardworking.love,available,9.99,28.99,high,low,11,namesilo,,,
2bfbb39c-f341-4f6a-ba7c-601109f10de3,latish.love,available,4.98,38.98,medium,low,6,namecheap,,,22/08/2026 20:43
acfc87ee-9df1-47f7-a48a-e6f01b5f7523,gifted.love,available,4.98,38.98,high,low,6,namecheap,,,18/08/2026 23:27
3201d3cb-a3a1-40e4-b2f0-c49019e46190,juxtaposed.love,available,4.98,38.98,medium,low,10,namecheap,,,22/08/2026 15:00
9699a130-f1f7-4850-8ee4-ca7f49ecebf8,extra.love,premium,11040,11040,high,low,5,namesilo,,,21/09/2026 17:12
4703c856-e9c0-475a-96df-76022b4294a9,ghosts.love,available,9.99,28.99,medium,low,6,namesilo,,,18/09/2026 22:14
e918a6f6-99d9-46bb-bf84-13b8a187b5fb,alpaca.love,resell,,,high,low,6,"Chengdu West Dimension Digital Technology Co., LTD",19/08/2026 05:40,19/08/2027 05:40,26/09/2026 03:49
c4be8c2c-c92b-4f47-83f2-070fc92c6377,sesotho.love,available,9.99,28.99,medium,low,7,namesilo,,,22/09/2026 13:00
a99d1f40-a248-416b-9ab7-2c7428cec159,controlling.love,available,9.99,28.99,high,low,11,namesilo,,,
ed64ed95-3f11-4248-bd1b-142ba89ed9ca,astronomer.love,available,4.98,38.98,high,low,10,namecheap,,,20/09/2026 18:04
febd0009-495c-4dd9-b48f-4815dd631f3c,gesell.love,available,9.99,28.99,high,low,6,namesilo,,,20/09/2026 08:18
001d2fbb-25ab-4f43-a2d5-52068df31383,abohm.love,available,9.99,28.99,medium,low,5,namesilo,,,16/09/2026 16:26
36f52a77-570d-45c7-88d2-e437a0c9d7b0,mistaken.love,available,4.98,38.98,medium,low,8,namecheap,,,25/08/2026 01:52
6df317e7-7b88-4364-af60-7f68e2b83e9a,oder.love,available,4.98,38.98,medium,low,4,namecheap,,,28/09/2026 20:01
fb82e527-39cc-4b57-b087-a30e5cce472a,fluently.love,available,4.98,38.98,high,low,8,namecheap,,,14/09/2026 19:08
5aeef1e6-504b-47dc-8e51-110d7f0c1c94,machines.love,premium,728,1040,medium,low,8,namecheap,,,29/09/2026 03:31
e0bc6bc7-f1e3-4803-843d-2e2b529c34d9,lid.love,premium,1995,1995,high,low,3,namesilo,,,24/09/2026 13:43
f9d16dad-838f-4099-bec6-cb9b8aa12865,questioning.love,available,4.98,38.98,medium,low,11,namecheap,,,27/09/2026 09:01
8375c236-98d7-4e79-a378-e4f32216c6f0,washing.love,available,9.99,28.99,high,low,7,namesilo,,,
2c764967-8061-4d89-907b-83145d5ee769,asset.love,resell,4.98,38.98,high,low,5,"Chengdu West Dimension Digital Technology Co., LTD",19/08/2026 04:44,19/08/2027 04:44,28/09/2026 04:29
bbefdabe-39af-4550-ad1d-17cbe8ae861a,ibanking.love,available,9.99,28.99,medium,low,9,namesilo,,,20/09/2026 00:37
d6dcb108-a220-499c-8934-7541179794f7,ledge.love,available,4.88,22.97,high,low,5,spaceship,,,29/09/2026 01:33
faae18a8-e048-4352-b342-47bb77a90828,powerfully.love,available,4.98,38.98,high,low,10,namecheap,,,15/09/2026 21:10
f79c9a6a-e498-4333-95be-12c7c7a5768e,concentrate.love,available,9.99,28.99,high,low,11,namesilo,,,26/09/2026 00:53
48c831b0-14c1-4bf9-921f-261b166eebcf,rockford.love,available,9.99,28.99,high,low,8,namesilo,,,27/09/2026 15:41
e6b728c6-cca6-4f5c-90f6-45f00bbc877d,blood.love,premium,302.5,302.5,high,low,5,namesilo,,,27/09/2026 03:17
107ddaee-be87-41e3-9240-f48cdb73153a,bahasa.love,available,4.98,38.98,medium,low,6,namecheap,,,21/09/2026 18:41
76bf720c-0bed-4d56-bdcb-67d6c3b1d669,orchestrated.love,available,9.99,28.99,high,low,12,namesilo,,,16/09/2026 23:12
6fbe2e33-1c1a-4d63-aea3-ee21414d3c87,breastfeed.love,available,9.99,28.99,high,low,11,namesilo,,,
e5bac90f-4129-41a0-8433-f9e997b29c88,critique.love,available,38.98,,high,low,8,namecheap,,,
6ac4dcb3-0e83-4a82-9b52-d9eb3d298690,external.love,available,4.98,38.98,high,low,8,namecheap,,,17/08/2026 19:09
f7ce4bd3-ca23-4a2e-bfce-e5c52118cbad,briefcase.love,available,9.99,28.99,high,low,9,namesilo,,,29/09/2026 04:11
66d31ea8-365b-46d7-bcec-fd983ae8d823,verbosely.love,available,4.98,38.98,medium,low,9,namecheap,,,15/09/2026 12:43
5ef5730f-efbf-46de-a93c-327da260f601,bracing.love,available,4.98,38.98,high,low,7,namecheap,,,11/08/2026 00:30
32d6b8bf-5e0d-44c7-9d02-931188c7fee8,takahashi.love,available,4.88,22.97,medium,low,9,spaceship,,,28/09/2026 16:36
f69a6bc2-099b-46d8-8fb0-15b9175c6074,rejected.love,available,9.99,28.99,medium,low,8,namesilo,,,25/09/2026 11:50
80bc011d-bf16-46a0-b0fb-0efb0040a122,fixed.love,available,4.98,38.98,high,low,5,namecheap,,,24/09/2026 19:10
e86b2d8d-3aa1-4bac-8918-3857dde68373,jockstrap.love,available,4.98,38.98,medium,low,9,namecheap,,,20/09/2026 21:10
625bc64d-f858-4b76-8617-f24ff0e6ca20,friend.love,premium,227.5,325,high,low,6,namecheap,,,28/09/2026 18:47
77331692-c451-4e1d-82aa-ca9b6a686e32,artless.love,available,4.98,38.98,medium,low,7,namecheap,,,06/08/2026 23:47
4bb5998a-511b-46e1-bc13-cdcbb565dec9,idyllic.love,available,4.98,38.98,high,low,7,namecheap,,,21/08/2026 18:14
223644a9-d1e1-4cba-81bf-8712cedbab64,pennsylvania.love,premium,1086.95,1552.7,high,low,12,spaceship,,,28/09/2026 11:48
91da211b-a8ae-4596-b0fc-0d1632b51888,distaff.love,available,4.98,38.98,medium,low,7,namecheap,,,14/08/2026 13:01
0c09ec9f-cc50-4435-883e-9130d5636a4a,unbent.love,available,4.98,38.98,medium,low,6,namecheap,,,12/09/2026 01:50
3b268fcd-91fe-4733-afdc-601dc37bcaac,imagined.love,available,9.99,28.99,high,low,8,namesilo,,,27/09/2026 09:43
7ed16301-008c-40eb-94e0-d415c02c7c0f,friedrich.love,available,4.98,38.98,high,low,9,namecheap,,,25/09/2026 18:50
bc54def0-1798-4483-84eb-c361d2da3373,abyssal.love,available,4.98,38.98,medium,low,7,namecheap,,,
f6011072-787d-424b-8390-679417960489,bigarade.love,available,9.99,28.99,medium,low,8,namesilo,,,23/09/2026 15:03
449c3efe-d7f1-4600-9128-680331c9357d,beduin.love,available,9.99,28.99,medium,low,6,namesilo,,,22/09/2026 23:27
c5869fa5-d495-4e5a-9ed0-f17d85eb5461,for.love,premium,8750,,high,medium,3,name.com,,,
0bb5af5b-27ee-4008-90cc-d29977d2010c,faggot.love,premium,5460,7800,medium,low,6,namecheap,,,09/09/2026 08:02
33400f6f-812f-465a-b15c-d0c098dbff72,replies.love,available,39.99,44.99,medium,low,7,name.com,,,18/09/2026 09:15
15a63092-5d42-4f5b-be26-a81d66a49cb9,baptized.love,available,4.98,38.98,high,low,8,namecheap,,,08/08/2026 14:55
7c3bf26a-3ade-4632-b58c-c30fa805cc8b,fortemente.love,available,4.98,38.98,medium,low,10,namecheap,,,18/08/2026 12:36
584dbce0-37cf-4ec2-a175-9fc94f449422,restriction.love,available,9.99,28.99,high,low,11,namesilo,,,
b4fda749-6405-4846-b35f-840160dbb37a,unpolished.love,available,4.98,38.98,medium,low,10,namecheap,,,18/08/2026 20:45
1327d695-b3b2-4d1f-9d3b-da13f15e6b9e,penalty.love,available,9.99,28.99,high,low,7,namesilo,,,27/09/2026 04:58
53aeb63c-a68b-4634-863d-8769e13931fe,ajuga.love,available,9.99,28.99,medium,low,5,namesilo,,,17/09/2026 23:42
65fed329-c874-4c8b-9e61-48cf4c6c2a4a,attraction.love,premium,118.8,118.8,high,low,10,namesilo,,,28/09/2026 23:11
36129ccf-3cf2-4a1b-9423-6338d3cd4cec,exterior.love,available,4.98,38.98,high,low,8,namecheap,,,17/08/2026 19:05
84d02cd7-44ef-4095-a30a-e71142335a91,agama.love,available,39.99,44.99,medium,low,5,name.com,,,17/09/2026 16:05
cc76192d-0cc3-4d53-a5d7-ae7db9337183,arouet.love,available,9.99,28.99,medium,low,6,namesilo,,,20/09/2026 08:30
3304dcc6-4418-4b43-b3c4-6de5c1749f5a,candidly.love,available,4.98,38.98,medium,low,8,namecheap,,,14/09/2026 05:06
db2879e6-ae42-4f8c-9f2f-0a526948b17c,dilate.love,available,4.98,38.98,medium,low,6,namecheap,,,16/08/2026 00:39
87c270a0-235f-4a53-a3ed-2a871331585a,emerging.love,available,4.98,38.98,high,low,8,namecheap,,,16/08/2026 15:03
77eba1d8-82ff-4aa7-8842-69cb7c2bb4f7,congolese.love,available,4.98,38.98,high,low,9,namecheap,,,12/08/2026 21:54
bce38362-2d94-49e0-9025-eb5d49bcb4f4,significantly.love,available,9.99,28.99,medium,low,13,namesilo,,,
eb0ee443-9eef-448d-bc01-c643d75960fe,msg.love,premium,1312.5,,high,low,3,name.com,,,
3021c9be-19a6-448d-be4a-9287b1056b60,acquirable.love,available,4.98,38.98,medium,low,10,namecheap,,,
33b18c4e-8f2a-4475-91f3-a04de978f187,unmixed.love,available,4.98,38.98,medium,low,7,namecheap,,,12/09/2026 06:02
f88efee1-16bd-4cb1-b93d-f3f7facae82d,libidinous.love,premium,3500,5000,medium,low,10,name.com,,,22/08/2026 20:09
833ac2d0-200a-4042-a5f8-3ec569be1838,portfolio.love,available,4.88,22.97,high,low,9,spaceship,,,28/09/2026 20:13
c8ed170b-509e-4bf9-8bed-93eeddb54ff0,subscriber.love,available,4.98,38.98,high,low,10,namecheap,,,24/09/2026 17:47
a1951af9-1cf1-4f72-b9d5-64325de67caf,gobs.love,available,4.98,38.98,high,low,4,namecheap,,,14/09/2026 23:34
70e89e42-0923-410e-845d-83455257adef,energy.love,premium,4347.2,6210.2,high,medium,6,spaceship,,,28/09/2026 06:07
2971a3d3-3608-41e1-bc11-5e0709e66d62,arms.love,premium,302.5,302.5,high,low,4,namesilo,,,20/09/2026 07:44
5fbe750e-21f3-4782-b088-fb7f1dc96bdf,acantha.love,available,4.98,38.98,medium,low,7,namecheap,,,16/09/2026 20:38
711a3484-7adc-4ea1-8081-cc039c901b20,beds.love,premium,227.5,325,high,low,4,namecheap,,,27/09/2026 18:14
ed4006b1-0bc1-4c23-9e85-ff66cc5b7a9a,child.love,premium,1365,1950,high,low,5,namecheap,,,25/09/2026 20:33
0f6ab892-5842-4e6f-b08c-300729dda3c5,socially.love,available,4.98,38.98,high,low,8,namecheap,,,16/09/2026 03:57
00ca91ec-5759-4410-9215-6a8fd783e0b4,anasa.love,available,9.99,28.99,medium,low,5,namesilo,,,19/09/2026 03:09
14cc9682-a9cd-4a56-aa78-db596b4972d2,gore.love,premium,76.18,108.6,medium,low,4,porkbun,,,28/09/2026 19:53
19d92e80-62c5-47f7-9b70-d85a5dbc1bfe,opaque.love,available,4.98,38.98,high,low,6,namecheap,,,04/09/2026 15:47
10343a99-25f2-4aeb-8860-769c0cb3a258,car.love,premium,4585.49,6550.47,high,medium,3,porkbun,,,28/09/2026 23:22
dfd1333e-e119-436b-8812-45daa31b56e3,adnate.love,available,4.98,38.98,high,low,6,namecheap,,,
8f6d8f6b-3568-4466-b94f-a946ec1079cf,mackay.love,available,4.98,38.98,medium,low,6,namecheap,,,25/09/2026 16:20
a43385fc-9e4f-4bf0-b8af-d6d0cd7cd543,stunted.love,available,4.98,38.98,medium,low,7,namecheap,,,10/09/2026 23:04
8d4b950c-b527-4d56-86b1-02b45c3a11ae,prospering.love,available,4.98,38.98,medium,low,10,namecheap,,,10/08/2026 19:17
4d0b99d1-5705-4bb7-8615-a67ee4d1971a,shakespeare.love,premium,218.75,,high,low,11,name.com,,,
afb07973-875f-4c17-ba21-2794d188f2e7,convolve.love,available,4.98,38.98,medium,low,8,namecheap,,,13/08/2026 00:01
035523d8-f14d-4394-a6f8-1f2c7b1c0014,nonplus.love,available,4.98,38.98,medium,low,7,namecheap,,,21/09/2026 17:34
48b25719-1cbc-40a8-a22d-c1463f825baf,prima.love,premium,437.5,625,high,low,5,name.com,,,09/09/2026 02:00
77ceabd6-d265-44d2-a73f-b915fd54acd6,bombay.love,premium,8280,8280,medium,low,6,namesilo,,,29/09/2026 00:15
74045b87-0958-4179-a474-d527d987fe9b,kilogram.love,available,9.99,28.99,high,low,8,namesilo,,,
09bba0d2-3f6e-4ae6-a420-84fb9117c9b3,nana.love,premium,700,,high,low,4,name.com,,,
81731a54-f9ed-486e-b471-e23febf5cea3,barcarolle.love,available,9.99,28.99,medium,low,10,namesilo,,,22/09/2026 05:06
5a66c04e-88f1-4397-b657-244af57ef0b1,mouse.love,premium,218.75,,high,low,5,name.com,,,27/09/2026 23:29
d6aece3f-a7c9-4608-8a93-e83b439ac58e,ragamuffin.love,available,4.98,38.98,medium,low,10,namecheap,,,11/09/2026 09:09
64170fae-cd6a-475c-b69f-9fa1fe2eceb5,scabby.love,available,4.98,38.98,medium,low,6,namecheap,,,09/09/2026 22:13
9c67b088-9376-41d6-8d20-02f56733bc38,actium.love,available,9.99,28.99,medium,low,6,namesilo,,,17/09/2026 05:08
ba2a6e7f-5185-4028-9886-4f997b409379,extrinsic.love,available,4.98,38.98,medium,low,9,namecheap,,,17/08/2026 19:37
c58ef856-f8a5-414a-b02f-25d45ffbde90,febrile.love,available,4.98,38.98,medium,low,7,namecheap,,,18/08/2026 00:27
15ecbe33-ad3b-4704-9d18-5a734ce65451,basuto.love,available,9.99,28.99,medium,low,6,namesilo,,,22/09/2026 13:01
86eb56be-d5b4-4cbb-8f6d-58030c1c34a2,narcotics.love,available,9.99,28.99,medium,low,9,namesilo,,,28/09/2026 22:46
9d3b81d5-ed1a-4c5c-bbd7-85dfd853d6b7,area.love,premium,302.5,302.5,high,low,4,namesilo,,,28/09/2026 22:00
ad1b994e-3f37-4134-ab6a-199846089dca,silvertip.love,available,4.98,38.98,medium,low,9,namecheap,,,20/08/2026 20:13
d51b4014-106c-4b55-a496-c87b1fa6d8a0,liberties.love,available,9.99,28.99,medium,low,9,namesilo,,,18/09/2026 04:52
29879a35-4759-4db1-b7f2-30038344f468,corbin.love,available,9.99,28.99,medium,low,6,namesilo,,,28/09/2026 07:42
854edea6-afbf-4b18-86c0-f6be7444c4ef,unhurt.love,available,4.98,38.98,high,medium,6,namecheap,,,09/09/2026 20:45
2c3b5bdd-e03d-41e2-8559-0baf7e1e411c,promised.love,premium,302.5,302.5,high,low,8,namesilo,,,17/09/2026 11:24
90569aa8-8ae5-4772-9073-960765910540,deadlocked.love,available,39.99,44.99,medium,low,10,name.com,,,13/08/2026 19:27
f66cc147-3bfa-44f8-b9d2-868aa8323dfe,wardrobe.love,available,9.99,28.99,high,low,8,namesilo,,,28/09/2026 06:52
16a1523d-5723-49d1-a2eb-3586278a821b,returns.love,available,9.99,28.99,high,low,7,namesilo,,,17/09/2026 17:19
407353bd-3572-4c47-8f85-29848d0988e9,damage.love,available,9.99,28.99,high,low,6,namesilo,,,25/09/2026 04:36
ee9f4017-4faf-41d5-bbc6-bbe05196c4d5,neodymium.love,available,9.99,28.99,medium,low,9,namesilo,,,20/09/2026 23:22
c4c8f4b1-78aa-4624-8076-cda06c0f045e,zoologist.love,available,9.99,28.99,medium,low,9,namesilo,,,19/09/2026 08:43
0c217a00-fb2e-4875-a19b-f6deb1dd103c,adventitia.love,available,9.99,28.99,medium,low,10,namesilo,,,17/09/2026 10:36
e3635cb6-1e07-4f17-a40a-0fdb6bee3ce0,larkin.love,premium,181.33,258.95,high,low,6,spaceship,,,27/09/2026 23:26
f9d55a30-d615-46f4-94ad-90c6ec91ea13,boxers.love,premium,1086.95,1552.7,high,low,6,spaceship,,,29/09/2026 03:50
47f65f09-4376-4881-80a4-a736db72f3f3,temerity.love,available,9.99,28.99,medium,low,8,namesilo,,,21/09/2026 02:48
a0d15059-4032-420c-ac31-342c556c73e9,spirea.love,available,9.99,28.99,medium,low,6,namesilo,,,20/09/2026 17:27
c9416d1d-2d90-49e8-a42e-a931da8c0cc2,overloaded.love,available,4.98,38.98,medium,low,10,namecheap,,,04/09/2026 20:54
8e37a112-d288-4994-bbaa-c85916f46893,purebred.love,available,4.98,38.98,high,medium,8,namecheap,,,09/09/2026 06:16
f16da122-419a-4439-a362-cd719e999d86,biodefence.love,available,4.98,38.98,medium,low,10,namecheap,,,23/09/2026 17:51
ef0546dc-74a7-4431-b619-4c05ac24b157,jilted.love,available,4.98,38.98,medium,low,6,namecheap,,,22/08/2026 13:23
7dce4bb5-cba6-4aaf-a823-a4cb4e68df0c,occupation.love,available,4.98,38.98,high,low,10,namecheap,,,28/09/2026 06:05
bc1686eb-f1f9-4540-958d-e38c3ee65394,satanic.love,available,9.99,28.99,medium,low,7,namesilo,,,24/09/2026 05:47
48bfdf56-1ba6-45ac-8a10-07a68064b4d5,agrippina.love,available,4.98,38.98,medium,low,9,namecheap,,,17/09/2026 19:33
c4be75a2-23cb-4942-a59c-6b9e4a7d08c4,laminar.love,available,4.98,38.98,high,low,7,namecheap,,,22/08/2026 19:07
2ea535e6-18f7-4d67-b053-0a53d44657ff,performs.love,available,38.98,,medium,low,8,namecheap,,,
084be6f1-d25a-4635-bbea-6542be3e2400,labelled.love,available,4.98,38.98,medium,low,8,namecheap,,,22/08/2026 17:15
f3fde069-278a-4f89-b7f7-de664d18a4b5,stockpile.love,available,4.98,38.98,medium,low,9,namecheap,,,10/09/2026 20:52
ad7f90fe-712c-4c64-a548-63c7bb23b420,see.love,premium,8280,8280,high,medium,3,namesilo,,,24/09/2026 16:46
a410f42d-11aa-435e-9119-5d961df6dafe,claiming.love,available,9.99,28.99,high,low,8,namesilo,,,28/09/2026 11:29
6aae2844-b716-4020-8fe5-63249507f5b7,endless.love,premium,8750,12500,high,low,7,name.com,,,13/08/2026 18:44
4822d082-4070-45e4-9c43-774c72190211,rubberlike.love,available,4.98,38.98,high,medium,10,namecheap,,,09/09/2026 19:15
d9373133-01ca-4f34-92f1-98f03985fbd2,mildness.love,available,4.98,38.98,high,low,8,namecheap,,,24/09/2026 15:30
3d3435f9-e7f9-4caa-8a0f-f14af33af1b8,ottar.love,available,4.98,38.98,medium,low,5,namecheap,,,20/09/2026 19:29
6c743d07-f718-4515-95b5-d24bb940fdbe,suntan.love,available,4.98,38.98,high,low,6,namecheap,,,11/09/2026 07:52
63cb5fb9-97f5-4442-b91f-504f6c78c776,overturned.love,available,4.98,38.98,medium,low,10,namecheap,,,04/09/2026 21:55
51789334-20ec-43c0-9eed-3e874ed5204f,space.love,premium,5796.2,8280.2,high,medium,5,spaceship,,,28/09/2026 20:06
c28ddad7-cf7e-4634-a9c8-7df3f4268ab1,negotiations.love,available,4.98,38.98,medium,low,12,namecheap,,,17/09/2026 08:01
6f790b14-6f2d-4641-a678-cfd27950361c,grazed.love,available,4.98,38.98,medium,low,6,namecheap,,,20/08/2026 19:29
b2c0c9bd-56b5-4bae-a659-70019bde574f,catalonia.love,available,4.88,22.97,medium,low,9,spaceship,,,28/09/2026 09:16
fe74ac77-004d-4ea1-9a97-30a3621a7a6d,allan.love,premium,302.5,302.5,high,low,5,namesilo,,,28/09/2026 16:24
dd9c238b-bc28-493a-a1d8-190bb4f032d8,mythical.love,available,4.98,38.98,high,low,8,namecheap,,,03/09/2026 12:31
a1084800-f02e-402e-ae86-86e936680fa6,hood.love,premium,640,640,high,medium,4,namesilo,,,27/09/2026 08:13
276a1894-dce8-4793-8966-892f537f4a07,begonia.love,available,9.99,28.99,medium,low,7,namesilo,,,23/09/2026 02:28
f323822c-f6fa-4b26-92a7-2bd1d6a7a156,purging.love,available,4.98,38.98,high,medium,7,namecheap,,,09/09/2026 06:17
e86e1380-7e15-4d08-8b1c-fe098836db3a,dolorous.love,available,4.98,38.98,medium,low,8,namecheap,,,14/08/2026 15:30
6aeb12c2-187d-48d0-9e57-5867fa684e30,fop.love,premium,1312.5,1875,medium,low,3,name.com,,,13/08/2026 17:09
04d9eee3-cf81-4a5a-9357-059de5ff1de2,inaugural.love,available,4.98,38.98,high,low,9,namecheap,,,22/08/2026 00:37
bb35b18a-a139-4c0d-a885-e34cdfb4d53b,propensity.love,available,4.98,38.98,high,low,10,namecheap,,,22/08/2026 22:09
1a97d54d-4283-4d84-b4b3-04b369973cc0,marang.love,available,9.99,28.99,medium,low,6,namesilo,,,20/09/2026 12:01
cd6cf05d-ff39-4f7e-97ca-a7070e5f2bd4,insolent.love,available,4.98,38.98,medium,low,8,namecheap,,,11/08/2026 02:56
3bbd489c-aa16-493d-916e-896402ee93da,bedpan.love,available,9.99,28.99,medium,low,6,namesilo,,,22/09/2026 23:28
73b66eca-dbe5-439a-982c-9f2a1a87ba82,famished.love,available,4.98,38.98,medium,low,8,namecheap,,,17/08/2026 13:41
83ba5887-572e-4d51-be90-363d96b99650,digital.love,premium,4620,6600,high,medium,7,dynadot,,,28/09/2026 15:01
06b2e76a-12d7-44d7-b34b-5237d4c17f81,epos.love,premium,2187.5,3125,high,low,4,name.com,,,17/08/2026 10:28
20f3e2d6-18a1-4829-a907-5d2bd7ad3c23,savagely.love,available,4.98,38.98,medium,low,8,namecheap,,,14/09/2026 01:43
eebd3cb0-cc5a-4c75-86e6-6232bd0e6543,suppliant.love,available,4.98,38.98,medium,low,9,namecheap,,,11/09/2026 02:30
013b2d5d-b384-4f82-9a43-10dce514c875,tks.love,premium,1312.5,,high,low,3,name.com,,,
59bf713b-3d35-4795-9c56-06acc366c12d,succeeded.love,available,8.78,23.76,medium,low,9,dynadot,,,28/09/2026 17:37
530b6619-dc49-450b-aaf3-88dec3e23eb9,giacometti.love,available,9.99,28.99,high,low,10,namesilo,,,18/09/2026 02:46
81f50d6a-7cd6-4c48-bdaf-b6a0fa8e0b9d,dogsledding.love,available,9.99,28.99,medium,low,11,namesilo,,,20/09/2026 01:02
fe7ff65d-8205-4693-8b77-3e197f05a2e0,winking.love,available,4.98,38.98,high,low,7,namecheap,,,10/08/2026 14:28
a4a3151f-c526-4e8c-ab13-2004ee0ac2ae,bases.love,available,4.98,38.98,medium,low,5,namecheap,,,17/09/2026 21:42
0dd0ee7b-0e19-4103-9b79-5f962ba4d91b,kinky.love,premium,7000,10000,high,low,5,name.com,,,17/08/2026 22:20
26e3f077-9325-4d0c-a044-6ae25f17a351,buttermilk.love,available,9.99,28.99,high,low,10,namesilo,,,24/09/2026 11:20
0356be6d-0e9c-452a-91bb-b502aff6ea14,immediately.love,available,9.99,28.99,high,low,11,namesilo,,,27/09/2026 06:22
894f2185-915f-4d5e-a530-89ebadb71167,define.love,premium,455,650,high,low,6,namecheap,,,24/09/2026 05:41
37a7e612-b0e7-4588-a1ff-20caddf9b1c6,refer.love,available,9.99,28.99,high,low,5,namesilo,,,24/09/2026 15:03
8048e4ab-6fee-4817-b2e2-f1f29836b057,lenient.love,available,4.98,38.98,high,low,7,namecheap,,,22/08/2026 23:46
a5339e9a-39ff-409e-80c4-ec64185b1e89,audiometer.love,available,4.98,38.98,medium,low,10,namecheap,,,21/09/2026 02:58
7cc0e082-b2f5-46d9-8d29-561c3cc49b38,maimed.love,available,4.98,38.98,medium,low,6,namecheap,,,24/08/2026 13:20
7c213732-1575-45cd-9a76-41eeb2d9c31d,gave.love,available,38.98,,medium,low,4,namecheap,,,
58618a58-c641-4d42-9bd8-cffc240d4540,tractive.love,available,4.98,38.98,medium,low,8,namecheap,,,11/09/2026 18:40
7ece2582-5a2c-440c-93fe-cee4f59ac8d9,valueless.love,available,4.98,38.98,medium,low,9,namecheap,,,13/09/2026 01:01
6228c2cd-b2c4-4ff5-9509-74327796adcf,handbasket.love,available,39.99,44.99,medium,low,10,name.com,,,22/09/2026 11:03
cb346e24-675d-468a-9f40-b33d4452b8e6,viking.love,premium,192.5,275,high,high,6,dynadot,,,28/09/2026 20:43
9037ee7e-bad7-4ddd-9e40-5b1d835942d3,unrecorded.love,available,4.98,38.98,medium,low,10,namecheap,,,24/08/2026 07:46
5d1ad0cf-2dfb-4c48-a2d1-0ce3c310cec0,inchoate.love,available,4.98,38.98,medium,low,8,namecheap,,,22/08/2026 01:16
9f6f4cab-848c-436d-9e68-cd596dc06194,insulted.love,available,20.2,20.2,low,low,8,cloudflare,,,28/09/2026 23:30
3e10d247-a5d9-4eb6-a81e-25d903ed23f3,undisciplined.love,available,9.99,28.99,medium,low,13,namesilo,,,
e11eaf44-1ead-43dd-95ec-3a6fff474088,casualty.love,available,20.2,20.2,medium,low,8,cloudflare,,,28/09/2026 18:35
81d5c8b6-68d4-4e06-961c-b8fcbf0051a2,aglaia.love,available,39.99,44.99,medium,low,6,name.com,,,17/09/2026 18:17
d50f7d3a-4fca-4d2c-9025-939e8e6b65aa,upstream.love,available,4.98,38.98,high,low,8,namecheap,,,12/09/2026 23:24
3efbd571-a943-490b-bb16-6b653013b63d,bombing.love,premium,1811.45,2587.7,medium,low,7,spaceship,,,27/09/2026 11:45
9b226d62-0644-4954-8ab5-696b7c2adaec,lxxxiv.love,available,4.98,38.98,medium,low,6,namecheap,,,
3451108a-9ee5-413d-818a-9351ca971ccf,wordy.love,available,4.98,38.98,medium,low,5,namecheap,,,24/08/2026 09:32
fa312fc3-7635-46dc-ac65-f849d7301355,are.love,premium,5520,5520,high,low,3,namesilo,,,28/09/2026 22:00
e09799c0-59ea-4df0-9035-dc187344dbc3,defendant.love,available,9.99,28.99,medium,low,9,namesilo,,,27/09/2026 03:41
9bd10cfa-1d8e-4533-99d1-7e9db82ea8bd,laputan.love,available,4.98,38.98,medium,low,7,namecheap,,,22/08/2026 19:49
8c3093c0-ac18-4b3d-b37d-da33aa4eec54,farseeing.love,available,4.98,38.98,medium,low,9,namecheap,,,14/08/2026 22:22
605987f1-1b13-4220-bd10-4d915bb9efd3,theatrical.love,premium,3640,5200,high,low,10,namecheap,,,11/09/2026 12:33
6c30553f-ed57-48c8-b16a-2d301c49b971,courts.love,available,8.75,23.17,high,low,6,porkbun,,,28/09/2026 03:42
a95a365f-467c-40a1-aaed-b12af62a9d58,kendrick.love,available,9.99,28.99,medium,low,8,namesilo,,,28/09/2026 08:02
b0b4ff1f-ca88-4ac5-bd56-aaa97208c91e,thawed.love,available,4.98,38.98,medium,low,6,namecheap,,,11/09/2026 12:31
f3ea6e82-e405-4b4c-8f96-3f5be817f489,stinking.love,available,4.98,38.98,medium,low,8,namecheap,,,13/08/2026 05:16
9ed395cc-423f-423e-b72a-b22c0ea9db71,overgrown.love,available,4.98,38.98,medium,low,9,namecheap,,,04/09/2026 20:42
88405d49-43ff-4f97-877f-2b30b39707c9,stanton.love,available,9.99,28.99,high,low,7,namesilo,,,25/09/2026 05:30
de90946a-2151-4f20-b712-d22b106539da,carlisle.love,available,9.99,28.99,high,low,8,namesilo,,,25/09/2026 14:54
57a1895e-5d32-4280-afe6-9d6cac268ceb,arrhenius.love,available,9.99,28.99,high,low,9,namesilo,,,20/09/2026 09:11
ec95eb2d-4601-4199-bdbc-83a2730388fa,venerating.love,available,4.98,38.98,high,low,10,namecheap,,,09/09/2026 16:09
d1aa5751-b39a-4a2d-87f4-d4a0b1d1d3b4,sportswear.love,available,4.98,38.98,high,low,10,namecheap,,,17/09/2026 05:14
31c34e64-22be-4b68-9e5d-60e778b197ae,gaps.love,available,9.99,28.99,medium,low,4,namesilo,,,20/09/2026 11:47
01d75a84-a131-427d-8a10-bd32b7e6ca2b,bidens.love,available,9.99,28.99,medium,low,6,namesilo,,,29/09/2026 02:29
b0559826-049a-45d8-9903-395cc90d7269,isotonic.love,available,4.98,38.98,medium,low,8,namecheap,,,22/08/2026 11:18
dfef9884-1b77-42ae-a657-cc6ed6d7788b,opined.love,available,8.75,23.17,low,low,6,porkbun,,,28/09/2026 09:10
03cb57df-17f2-4fb3-b424-5a361a95df35,malcontent.love,available,4.98,38.98,medium,low,10,namecheap,,,14/08/2026 09:23
a32d321a-9241-40aa-b349-28f36475d210,dante.love,premium,,,high,low,5,,,,28/09/2026 05:29
26ab41ad-15b3-4dfd-b400-d81c4591d84d,breaking.love,available,9.99,28.99,high,low,8,namesilo,,,25/09/2026 02:26
860d9f77-b089-44d0-84be-753bfc6f6feb,scare.love,available,9.99,28.99,high,low,5,namesilo,,,17/09/2026 14:51
f7313dd2-0725-4e07-b915-360b0bd894ae,parisian.love,available,4.98,38.98,high,low,8,namecheap,,,08/09/2026 01:34
e7fea0e7-4bf5-4bee-86d7-a8512fd9473f,transported.love,available,9.99,28.99,medium,low,11,namesilo,,,16/09/2026 07:05
14624262-fff8-49ca-ad38-881ff4c11dc9,bags.love,premium,1312.5,,high,low,4,name.com,,,
c2d92176-25e0-494b-a7e9-c3800fcf683f,muggy.love,available,4.98,38.98,medium,low,5,namecheap,,,03/09/2026 10:31
bdcdd956-9830-4173-b478-2bd9288574d7,catenulate.love,available,4.98,38.98,medium,low,10,namecheap,,,11/08/2026 21:32
85831991-2e9e-45e2-a134-58e8432a5589,pal.love,premium,2898.2,4140.2,high,medium,3,spaceship,,,29/09/2026 05:02
4cc10c4a-b819-4b46-96f0-10dc9db4f930,alep.love,premium,1995,1995,medium,low,4,namesilo,,,18/09/2026 05:14
60d02314-22c3-4246-9dd5-7769e1140a64,acetylene.love,available,9.99,28.99,medium,low,9,namesilo,,,17/09/2026 00:22
62f37eef-50f5-4bc0-9a3e-08f95394ed7d,beeline.love,available,9.99,28.99,high,low,7,namesilo,,,23/09/2026 01:18
fe359518-b54b-4079-a918-e562a809bbda,blessed.love,premium,118.8,118.8,high,low,7,namesilo,,,22/09/2026 18:43
9b1430bd-5252-4782-ac6f-6cb8993dd528,cxv.love,premium,1312.5,1875,high,low,3,name.com,,,
6527c999-2c87-4ba9-981c-a7b85f99d954,debacle.love,available,4.98,38.98,medium,low,7,namecheap,,,13/09/2026 07:56
06a92325-60ab-411d-91a9-2aa5e2c548c0,daedal.love,available,39.99,44.99,medium,low,6,name.com,,,13/08/2026 15:30
c86a4d4e-4999-47c6-8d68-f2d94da68f3f,instead.love,available,4.88,22.97,medium,low,7,spaceship,,,28/09/2026 12:08
e0ce306a-b1d8-4024-b611-474ed5b8a97e,mayfield.love,available,4.88,22.97,medium,low,8,spaceship,,,28/09/2026 12:21
36491746-b8c5-49be-9711-bad6107e9281,rhoda.love,available,,,high,low,5,,,,
ac22d805-b575-4499-ae83-3561fde8498d,seized.love,available,38.98,,medium,low,6,namecheap,,,
00d69c01-b8d3-4f9d-812b-472e19a3c90c,mutant.love,available,4.98,38.98,high,low,6,namecheap,,,03/09/2026 11:39
60cafb01-075b-49bf-a5a5-e28fcfcf68d5,depth.love,available,4.88,22.97,high,low,5,spaceship,,,28/09/2026 01:46
b30e9180-1200-4817-aa65-e2acaa7bb047,willful.love,available,4.98,38.98,medium,low,7,namecheap,,,18/08/2026 16:37
ff642c44-f6bd-4b69-a850-8bd37ede9583,sombre.love,available,4.98,38.98,medium,low,6,namecheap,,,10/09/2026 14:02
be2c5ef2-f2d5-45a2-8c50-58788fde919a,climber.love,available,4.98,38.98,high,low,7,namecheap,,,24/09/2026 15:39
230e3a1b-0be2-4116-9931-7509d95df540,heroin.love,premium,5460,7800,medium,low,6,namecheap,,,24/09/2026 22:03
d2cb08c5-9710-49f0-bb2f-72426a7476b9,jowly.love,available,4.98,38.98,medium,low,5,namecheap,,,14/08/2026 16:48
02fe1921-8422-45b7-b981-8fb92dfab553,editing.love,available,9.99,28.99,high,low,7,namesilo,,,28/09/2026 13:57
cacb2e0b-20c5-4b47-8d5d-0ed330c16ebd,acarpelous.love,available,4.98,38.98,medium,low,10,namecheap,,,
0b1a4cf2-f5b6-4b98-b4fe-273de04a436b,nonhuman.love,available,4.98,38.98,medium,low,8,namecheap,,,03/09/2026 19:22
3f7d7a5c-6fe1-46bb-8d3c-b5ded6471c5c,distinguished.love,available,9.99,28.99,high,low,13,namesilo,,,
77d8ef3f-414b-4569-af3f-9a4c0456d7f5,suchlike.love,available,4.98,38.98,medium,low,8,namecheap,,,11/09/2026 01:00
117953fe-c2ba-497e-b116-f24187d624b0,palpebrate.love,available,4.98,38.98,medium,low,10,namecheap,,,05/09/2026 00:15
3afbf0c1-a7d9-4f84-bec6-6d53f0efc239,informer.love,available,4.98,38.98,medium,low,8,namecheap,,,23/09/2026 11:26
c95d5361-ef30-4a88-9d75-be64f50bc8d8,creek.love,available,20.2,20.2,high,low,5,cloudflare,,,29/09/2026 04:33
7ec74ab9-c3bd-4f07-a74c-55bff40fb27e,saddle.love,available,4.88,22.97,high,low,6,spaceship,,,29/09/2026 02:22
2dc68e93-8cff-453d-9a59-9a3915d085c0,entered.love,available,9.99,28.99,medium,low,7,namesilo,,,18/09/2026 11:17
5e8e2782-e2fd-4f10-a586-3b53b75bb90d,alky.love,available,4.98,38.98,medium,low,4,namecheap,,,
364fbb4f-3b29-4cee-993b-9fb5002f2620,hallowed.love,available,4.98,38.98,high,low,8,namecheap,,,20/08/2026 22:52
ce97f986-2176-49d3-a185-6615492e26af,lindsay.love,premium,218.75,,high,low,7,name.com,,,
8792bc9a-e618-4b0b-ab33-72322daffe0c,semiformal.love,available,4.98,38.98,high,low,10,namecheap,,,10/08/2026 11:42
65b24a12-4471-455e-b062-286dad5528d9,bigamist.love,available,9.99,28.99,high,low,8,namesilo,,,23/09/2026 15:02
b0692066-1e6c-49eb-889e-bd6d99640d7a,uml.love,premium,1312.5,,high,low,3,name.com,,,
2f19de83-756c-4bf4-bccd-3a6e9436aa32,definable.love,available,4.98,38.98,medium,low,9,namecheap,,,13/08/2026 23:28
35db9e87-c167-4949-a6c5-32de8c06637b,valmy.love,available,9.99,28.99,medium,low,5,namesilo,,,22/09/2026 16:13
c8e94561-e8d2-445e-ad52-a555558f1bdd,belisarius.love,available,9.99,28.99,medium,low,10,namesilo,,,23/09/2026 05:17
3c4cea8e-1b3d-471b-863d-b548721fd07b,noetic.love,available,4.98,38.98,medium,low,6,namecheap,,,22/08/2026 07:52
3b2922d9-4670-44c5-aa48-967e346ff571,walls.love,premium,302.5,302.5,high,low,5,namesilo,,,25/09/2026 16:16
0e4dd925-56d7-4d82-850d-4a1026d9404d,moderately.love,available,9.99,28.99,medium,low,10,namesilo,,,25/09/2026 12:00
e7d13a76-d2b7-46b3-a05e-60b910e736c0,topping.love,available,4.98,38.98,high,low,7,namecheap,,,11/09/2026 17:36
f7e8249a-91b0-4c1b-be46-c84ff52ca6c3,oddish.love,available,4.98,38.98,low,low,6,namecheap,,,04/09/2026 00:50
08770691-3462-439f-a7c8-4bb9fb076397,code.love,premium,3080,4400,high,medium,4,dynadot,,,28/09/2026 06:53
94146fdc-e9dc-481a-bb12-1e1c621fe97c,nauseating.love,available,4.98,38.98,medium,low,10,namecheap,,,24/08/2026 08:23
a5416ddf-692b-409b-a933-508012f4f53d,reanimated.love,available,4.98,38.98,medium,low,10,namecheap,,,09/09/2026 10:58
54afdb05-1039-427d-ab92-bcbc6b0c14d0,ivy.love,premium,1312.5,,high,low,3,name.com,,,
0b59c01d-80fe-4041-843c-ed487081597e,shenzhen.love,premium,1995,1995,medium,low,8,namesilo,,,29/09/2026 04:19
311c96a5-be0c-45eb-85b0-f5b1f0ab7825,ruins.love,available,20.2,20.2,low,low,5,cloudflare,,,28/09/2026 12:46
32ab0935-66bd-4e2f-87bf-26ef390e453c,washer.love,available,4.98,38.98,medium,low,6,namecheap,,,21/09/2026 06:54
5685e6de-b5b8-4c54-aff3-63e1f14a0f40,step.love,premium,86.62,,high,low,4,name.com,,,28/09/2026 17:14
043288d7-25bd-44e0-947b-ad6468d05207,distributed.love,available,4.98,38.98,high,low,11,namecheap,,,
f6127fc1-3550-4cc1-8dbc-4c8aaed1abb6,unwitting.love,available,4.98,38.98,medium,low,9,namecheap,,,12/09/2026 14:24
ca28e198-9618-45fc-a4ca-b7dee88571ed,banjul.love,available,9.99,28.99,medium,low,6,namesilo,,,22/09/2026 02:12
cdac3973-254f-4839-9dc0-4be24ad6e97a,worth.love,resell,,,high,low,5,"Chengdu West Dimension Digital Technology Co., LTD",19/08/2026 05:48,19/08/2027 05:48,28/09/2026 11:03
efc32757-6a07-466a-8365-6569b613784b,deposition.love,available,9.99,28.99,medium,low,10,namesilo,,,24/09/2026 22:00
489b6b44-c855-41c8-8315-979a3451432a,offspring.love,available,4.88,22.97,high,low,9,spaceship,,,28/09/2026 11:24
39714db3-a32d-4e1b-bf91-37b8572d903a,abadan.love,available,9.99,28.99,medium,low,6,namesilo,,,16/09/2026 13:48
59ccc1a8-0d54-4b20-80e3-968aafebb916,cupping.love,available,,,high,low,7,,,,24/09/2026 20:18
5b19d526-fd7e-4dda-bb95-3da3a3f2a956,unrivalled.love,available,4.98,38.98,high,low,10,namecheap,,,24/08/2026 17:08
a6110ca8-18b7-426d-ad96-8f223f8e149a,hafnium.love,available,9.99,28.99,medium,low,7,namesilo,,,20/09/2026 23:42
6b34f0a6-69d7-4cd1-b0c7-cf8b06780cb1,few.love,premium,1995,1995,high,low,3,namesilo,,,24/09/2026 17:38
4a0a239c-9d7e-4184-bdcf-2506bef3dffd,phyllis.love,available,9.99,28.99,medium,low,7,namesilo,,,28/09/2026 07:46
40693cb2-92d9-4c07-8f00-236ccd59e2e6,programme.love,available,9.99,28.99,high,low,9,namesilo,,,24/09/2026 16:59
891ed66a-701b-4707-afa0-d9fb1ee31157,violated.love,available,9.99,28.99,medium,low,8,namesilo,,,27/09/2026 07:04
5d96cd60-1740-4575-91e7-ddf6275ac204,antagonism.love,available,9.99,28.99,medium,low,10,namesilo,,,19/09/2026 12:27
0cbea768-a682-4be0-83f3-b433398eada2,explain.love,available,9.99,28.99,high,low,7,namesilo,,,
1fc57d43-2c72-44b1-a6be-2e172cbe0857,hueless.love,available,4.98,38.98,medium,low,7,namecheap,,,21/08/2026 14:36
bd30c997-d329-4252-9b35-3f87fe7cc03f,willowy.love,available,4.98,38.98,medium,low,7,namecheap,,,20/08/2026 17:31
aa85e79f-6158-416a-b8c2-9168daa0896a,preset.love,available,4.98,38.98,high,medium,6,namecheap,,,09/09/2026 01:24
30800e9e-2866-4389-8671-50d2b5fe3263,dignified.love,available,9.99,28.99,high,low,9,namesilo,,,24/09/2026 08:18
bb15ac2c-66de-4f1d-b686-c4fe7809d090,northbound.love,available,4.98,38.98,high,low,10,namecheap,,,03/09/2026 21:29
e38ab48c-6435-4620-a9fc-f87067c87e63,indate.love,available,9.99,28.99,medium,low,7,namesilo,,,
eb3a1f67-bcff-42d4-a399-ea6ea42f9f61,vocalists.love,available,9.99,28.99,medium,low,9,namesilo,,,19/09/2026 21:58
ec5efa87-3226-4a7c-bcec-7b47f63d4366,alupent.love,available,9.99,28.99,medium,low,7,namesilo,,,18/09/2026 15:17
fb196e61-7dd9-4d72-ae0c-b7b90c9d11e7,stemma.love,available,4.98,38.98,medium,low,6,namecheap,,,08/09/2026 13:29
4fedc57b-8673-45cc-8a14-5ad1c55430bd,nerves.love,available,9.99,28.99,medium,low,6,namesilo,,,27/09/2026 04:51
4b169d43-67c1-4f4b-ad9a-d63b7ab8dd77,quinn.love,resell,,,high,low,5,"Chengdu West Dimension Digital Technology Co., LTD",19/08/2026 05:48,19/08/2027 05:48,26/09/2026 08:27
eb52b680-cce8-47ff-95f3-34880e8a6e7f,warburg.love,available,9.99,28.99,medium,low,7,namesilo,,,16/09/2026 19:40
e4258df5-d414-41f2-838a-27ffce4d51bc,twinned.love,available,4.98,38.98,high,low,7,namecheap,,,24/08/2026 16:58
65c5f8d8-6814-4bc5-9b4f-80bb950d4dc0,arbitrage.love,resell,,,high,low,9,"Chengdu West Dimension Digital Technology Co., LTD",19/08/2026 05:43,19/08/2027 05:43,26/09/2026 03:58
a8f03e89-1efa-490a-ae14-620e81ff9312,restful.love,available,4.98,38.98,high,low,7,namecheap,,,09/09/2026 13:26
2207f1ff-428d-4e8f-8197-3064d5b91d9d,maculate.love,available,4.98,38.98,medium,low,8,namecheap,,,13/08/2026 23:26
d5ab6563-a30f-4392-9eb7-dc655b1b25bf,seamed.love,available,4.98,38.98,medium,low,6,namecheap,,,10/09/2026 00:45
e985b26a-53b7-4f4c-b2cb-517dbd4ee6b4,ollie.love,premium,76.18,108.6,high,low,5,porkbun,,,29/09/2026 03:12
18b604bf-431a-4260-ada5-8f672dcd023a,richly.love,available,4.98,38.98,high,low,6,namecheap,,,13/09/2026 19:38
fae94d01-ac0c-4247-b33a-c06ce465605a,gravelly.love,available,4.98,38.98,medium,low,8,namecheap,,,20/08/2026 18:27
7b745519-6b42-4289-a803-a156aac95382,counterattack.love,available,9.99,28.99,medium,low,14,namesilo,,,
52fcb622-e203-4a1a-a023-652f770d55c7,fulgurant.love,available,39.99,44.99,medium,low,9,name.com,,,13/08/2026 18:59
b59ee1e1-bfd1-4eeb-bc87-e22fbd4efc8d,derisory.love,available,4.98,38.98,medium,low,8,namecheap,,,14/08/2026 02:56
9c8f6a49-8db8-4e2b-974a-34bf852cd5f0,rainproof.love,available,4.98,38.98,high,medium,9,namecheap,,,09/09/2026 09:47
657047f0-e78a-4bfa-99d3-e3c97a5c3a72,catastrophe.love,available,4.88,22.97,medium,low,11,spaceship,,,28/09/2026 22:54
18022c88-c367-49ac-b5b1-c64a164499a0,cleared.love,available,4.88,22.97,high,low,7,spaceship,,,28/09/2026 14:48
45d0ff94-ec52-4bdb-a684-5a666ec4ba77,off.love,premium,1365,1950,high,low,3,namecheap,,,22/09/2026 14:54
ebd4d101-ed15-4bca-b981-a4826e02164d,transposed.love,available,4.98,38.98,medium,low,10,namecheap,,,11/09/2026 18:59
4e591f2f-ed2a-4fe3-bc7a-8c785a97a8f4,yielding.love,available,4.98,38.98,high,low,8,namecheap,,,13/09/2026 14:36
8bb6c071-74ec-4e21-b3a2-e708b2ebccff,digestible.love,available,4.98,38.98,medium,low,10,namecheap,,,14/08/2026 07:14
c8cc5392-42e1-460f-b1ef-00c1d7d5c907,zoe.love,premium,2898.2,4140.2,high,low,3,spaceship,,,27/09/2026 18:59
30f29bf1-4bc2-410b-8377-faa8d281e131,auricle.love,available,9.99,28.99,medium,low,7,namesilo,,,21/09/2026 00:43
dcb3f88e-577d-4d3e-b148-60293fabe29a,audiology.love,available,9.99,28.99,medium,low,9,namesilo,,,21/09/2026 02:56
c5d699ba-16ba-4592-a0b1-e3879229a5d1,aspherical.love,available,4.98,38.98,medium,low,10,namecheap,,,07/08/2026 04:57
4c460495-057b-4644-8ccc-95997ca40ee5,spare.love,available,9.99,28.99,high,low,5,namesilo,,,24/09/2026 15:52
844e8cee-924f-4b47-8c55-682db026d2d2,september.love,premium,437.5,,high,low,9,name.com,,,
c5d3746a-d475-4a0b-8896-9154756f1afe,rallying.love,available,4.98,38.98,high,medium,8,namecheap,,,09/09/2026 09:56
18e53f29-4aa1-4356-88a9-49986ca5140a,chamomile.love,available,9.99,28.99,high,low,9,namesilo,,,19/09/2026 13:01
fdb78ad3-7c7f-4c0a-b327-667ddcb634a1,lxv.love,premium,1312.5,1875,medium,low,3,name.com,,,
eb9182ab-2e4b-4794-876b-55278021ce0b,orangish.love,available,4.98,38.98,medium,low,8,namecheap,,,04/09/2026 17:26
2685f896-b05f-428d-a9a0-c06c12458f4b,shipped.love,available,8.78,23.76,medium,low,7,dynadot,,,28/09/2026 13:02
798bcb94-06ac-4e31-ab3b-1fc8e613f6ba,circular.love,resell,9.99,28.99,high,low,8,"Chengdu West Dimension Digital Technology Co., LTD",19/08/2026 05:36,19/08/2027 05:36,26/09/2026 04:57
a732b842-1d3a-450c-b811-e24efe1d0a61,minden.love,available,9.99,28.99,medium,low,6,namesilo,,,22/09/2026 15:29
73b871bf-4024-4235-a2fc-863baedf8791,lynchpin.love,available,9.99,28.99,high,low,8,namesilo,,,21/09/2026 15:18
3e511a71-31e6-46cb-bfbf-12af4078a27b,motto.love,premium,302.5,302.5,high,low,5,namesilo,,,28/09/2026 13:39
12f43969-0f4d-4f4e-8548-ff35cde12d51,aalto.love,available,9.99,28.99,high,low,5,namesilo,,,16/09/2026 13:16
c064ac63-08fd-40df-8bc4-4ed7f86588e3,dominical.love,available,4.98,38.98,medium,low,9,namecheap,,,14/08/2026 15:42
f2b312ca-84e8-4d0c-8b8a-34671eb114f0,devoutly.love,available,4.98,38.98,medium,low,8,namecheap,,,14/09/2026 12:30
59787849-5e20-41c7-92aa-d62202e7047d,pan.love,premium,1312.5,,high,low,3,name.com,,,
f5412424-4a18-4fbf-89d6-5a4c6c6c4b4d,abnormally.love,available,4.98,38.98,medium,low,10,namecheap,,,13/09/2026 16:24
94d06999-8e26-494f-aae2-98df0fa929d9,dreamily.love,available,4.98,38.98,medium,low,8,namecheap,,,14/09/2026 14:15
e83f4d17-9b1a-4552-9d6e-20cf264cc7f0,bhaga.love,available,9.99,28.99,medium,low,5,namesilo,,,23/09/2026 12:29
3484a63e-640c-4603-ac97-39eca83071fa,obstruction.love,available,8.75,23.17,medium,low,11,porkbun,,,28/09/2026 17:02
be19f198-b3ca-475c-85a6-3d0984f8bf62,ethically.love,available,4.98,38.98,high,low,9,namecheap,,,14/09/2026 16:20
888a0641-6773-417e-b2b3-3d8aa3d100ec,brim.love,available,4.98,38.98,high,low,4,namecheap,,,24/09/2026 10:24
b7525618-b7c8-4c2d-be71-01d03684e5bc,lessons.love,premium,227.5,325,medium,low,7,namecheap,,,25/09/2026 19:53
d1c656ec-6972-4bb7-8673-acd7a90d4b10,buccal.love,available,4.98,38.98,medium,low,6,namecheap,,,11/08/2026 07:27
6c853cac-6dc9-4ae2-8009-6b07cf6791f9,rug.love,premium,1086.95,1552.7,high,low,3,spaceship,,,28/09/2026 09:14
c2a36043-52cd-4234-a2bc-a3ca71efcafa,nurses.love,premium,71.93,102.67,medium,low,6,spaceship,,,28/09/2026 08:12
f4a7dd0a-862b-49e7-9dcb-57b70de9443a,observation.love,available,20.2,20.2,high,low,11,cloudflare,,,28/09/2026 07:02
a3e451bd-89ce-4117-bcb3-646e887bb825,inertial.love,available,4.98,38.98,medium,low,8,namecheap,,,22/08/2026 03:59
a5614651-2320-4dd7-acaa-03a6e63825b6,sculpted.love,available,4.98,38.98,high,low,8,namecheap,,,20/08/2026 18:50
2078c034-80b8-4cf4-a4ce-ab363f1628a0,unsparing.love,available,4.98,38.98,medium,low,9,namecheap,,,22/08/2026 21:11
1d7c49ec-f21d-48f4-9d02-707d11802aaf,softness.love,available,9.99,28.99,high,low,8,namesilo,,,21/09/2026 23:37
a5e7acb9-bbd1-42f5-827c-b880007ea6d3,stepping.love,available,4.98,38.98,high,low,8,namecheap,,,16/09/2026 15:33
c460d6a2-c0c7-4165-9851-46762ebfaa47,gpa.love,premium,1995,1995,high,low,3,namesilo,,,28/09/2026 05:52
8e985047-d592-44cf-9508-d47feb9c1805,batten.love,available,4.98,38.98,medium,low,6,namecheap,,,22/09/2026 14:27
96430908-95b0-4e09-9164-2493f28c0f7d,subalpine.love,available,4.98,38.98,medium,low,9,namecheap,,,
df4378a5-c78b-4ab0-84fc-435da97a291c,housebound.love,available,4.98,38.98,medium,low,10,namecheap,,,21/08/2026 10:56
2b355310-7630-4c04-8e8e-99e55499e5b7,corrode.love,available,4.98,38.98,medium,low,7,namecheap,,,09/09/2026 20:10
843699a8-4f26-4ca9-8664-f6cb3bcc50c8,dandified.love,available,39.99,44.99,medium,low,9,name.com,,,13/08/2026 17:01
21dcb48a-7f84-478d-9871-ef09df2ea99c,midweek.love,available,4.98,38.98,high,low,7,namecheap,,,13/09/2026 09:34
4986e269-7864-42d7-9984-c707053feb94,distressed.love,available,4.98,38.98,medium,low,10,namecheap,,,14/08/2026 12:16
2a7448f4-1724-41d6-a882-f5c552c4516d,squashed.love,available,4.98,38.98,medium,low,8,namecheap,,,10/09/2026 17:31
88a9dd98-22cd-4f8f-a979-8c3eb288af2a,shu.love,premium,,,medium,low,3,,,,27/09/2026 21:11
6733a8c0-0a11-4ad1-af23-cc6b923e0580,powerhouse.love,resell,,,high,low,10,"Chengdu West Dimension Digital Technology Co., LTD",19/08/2026 05:37,19/08/2027 05:37,26/09/2026 08:16
111f7204-9630-4721-916f-88964776310c,slur.love,available,4.98,38.98,medium,low,4,namecheap,,,20/09/2026 14:59
e1005f3b-5958-4b3a-8839-5ce386608845,shouting.love,available,4.98,38.98,medium,low,8,namecheap,,,12/08/2026 03:49
be0dc36a-6694-4b1f-8ff7-17d525511049,sickish.love,available,4.98,38.98,low,low,7,namecheap,,,03/09/2026 14:05
7a9992b3-6fc9-47d1-9fbc-854f1fdaaefe,apogee.love,available,4.98,38.98,high,low,6,namecheap,,,19/09/2026 18:28
1404c26a-2e59-498a-8f64-1c40e6174048,barbed.love,available,4.98,38.98,medium,low,6,namecheap,,,08/08/2026 16:36
8b18b810-325f-401c-b2e8-135592c1b254,several.love,available,9.99,28.99,high,low,7,namesilo,,,
d19bbc8b-5650-4294-a3fe-f561dec68fd9,frustrated.love,premium,86.62,123.75,medium,low,10,name.com,,,24/09/2026 10:57
691ead9b-bd0a-48f7-888c-98ad00b6ee52,christi.love,available,4.98,38.98,medium,low,7,namecheap,,,25/09/2026 21:26
6e04cc29-48d5-47d2-a1a1-83fd235b0d2c,speeches.love,premium,,,low,low,8,,,,28/09/2026 08:40
dc7a376d-b8a7-4951-b581-c47bd06cf777,cellular.love,resell,,,high,low,8,"Chengdu West Dimension Digital Technology Co., LTD",18/06/2026 23:55,18/06/2027 23:55,26/09/2026 04:49
544cd2ff-16e0-4fac-bb57-ef89afec709c,nucleate.love,available,4.98,38.98,medium,low,8,namecheap,,,03/09/2026 22:24
5ba3ccbb-2159-48ca-869d-3cf20bb340dd,zoomed.love,available,9.99,28.99,medium,low,6,namesilo,,,18/09/2026 03:48
976258c1-4566-40ed-bda5-594c23211f63,holler.love,available,9.99,28.99,high,low,6,namesilo,,,23/09/2026 00:27
47a34e54-ce39-48b7-a6a2-87ec1e3ca4c0,aesthesia.love,available,9.99,28.99,medium,low,9,namesilo,,,17/09/2026 13:26
10b792af-e114-421f-9dda-5aa6fb35e273,rectangle.love,available,9.99,28.99,high,low,9,namesilo,,,
20effd30-d033-41c0-a277-2a33f099d02c,dryden.love,available,9.99,28.99,medium,low,6,namesilo,,,28/09/2026 05:32
c06503b1-d80f-4e66-ae80-9b74a9e0175f,doctorial.love,available,4.98,38.98,medium,low,9,namecheap,,,14/08/2026 14:21
5c57458c-69eb-4ac8-871b-02ae285acbcd,composer.love,available,9.99,28.99,high,low,8,namesilo,,,24/09/2026 16:53
2628ccc8-af81-4321-bfda-999986c69817,comforted.love,available,9.99,28.99,high,low,9,namesilo,,,23/09/2026 15:14
5627565c-93aa-412d-bd81-ae12313dbec9,arbor.love,resell,,,high,low,5,"Chengdu West Dimension Digital Technology Co., LTD",19/08/2026 05:36,19/08/2027 05:36,26/09/2026 03:58
7fbcf5b1-d662-467f-be92-b7cda3b7e1e9,nicholls.love,available,9.99,28.99,medium,low,8,namesilo,,,28/09/2026 16:37
8cd0b569-24b6-483b-9950-7420cea6e628,cleveland.love,premium,7000,,high,low,9,name.com,,,
ca0486c3-9125-436d-b8c2-acda6518bc59,patched.love,available,4.98,38.98,medium,low,7,namecheap,,,08/09/2026 10:18
387c236b-82bd-4bfd-afca-29e25d58d8a2,targets.love,available,9.99,28.99,medium,low,7,namesilo,,,18/09/2026 15:18
3a3b96f9-e429-49b6-b0e6-bbec12c1d91d,hypothetical.love,available,9.99,28.99,medium,low,12,namesilo,,,29/09/2026 02:54
bdf1e900-cfec-479e-b19a-2b14c08cb2c9,quebecois.love,available,4.98,38.98,medium,low,9,namecheap,,,09/09/2026 07:48
8abaa795-5ad1-4fbf-b5b3-b2aff86dde4a,navy.love,premium,8750,,high,low,4,name.com,,,
c3a258c8-10f4-4cb5-ac99-fdfc13bc906e,terrifies.love,available,9.99,28.99,low,low,9,namesilo,,,18/09/2026 07:37
a56243cd-0cce-444a-a76f-0a5040fe63e3,dominating.love,available,4.98,38.98,medium,low,10,namecheap,,,07/08/2026 19:40
728e3d97-4b00-44a6-b2c8-81fcc2464c11,factually.love,available,4.98,38.98,medium,low,9,namecheap,,,14/09/2026 17:27
ba38c020-a23b-47ec-abf7-99af97221d04,austrian.love,premium,118.8,118.8,high,low,8,namesilo,,,22/09/2026 13:38
4e515472-cc66-41a2-8d4d-0d843152a741,decreased.love,available,4.98,38.98,medium,low,9,namecheap,,,13/08/2026 22:08
6c7c668d-b6b9-4e2a-aacd-98fcd6241677,stored.love,available,9.99,28.99,low,low,6,namesilo,,,28/09/2026 17:31
0bd39bae-7827-47d8-9ca2-7a2c206db6ff,allophone.love,available,9.99,28.99,medium,low,9,namesilo,,,18/09/2026 12:02
8df36205-0fa3-4569-be93-7da6559b355f,jumentous.love,available,4.98,38.98,low,low,9,namecheap,,,22/08/2026 14:21
e15c65cf-fb53-41d2-91ac-9c4c582d32f0,descent.love,available,4.98,38.98,high,low,7,namecheap,,,08/09/2026 13:07
4e3376e3-cfa3-4e8f-8e9e-b4765fb2b231,brusque.love,available,4.98,38.98,medium,low,7,namecheap,,,11/08/2026 07:02
350966cb-f484-422d-8026-b75d19985fa9,mixable.love,available,4.98,38.98,medium,low,7,namecheap,,,25/08/2026 01:25
4d5eadeb-0949-4b4f-89cd-204adb7f8a6e,grinding.love,available,8.78,23.76,medium,low,8,dynadot,,,28/09/2026 19:23
6e30a3d5-70e1-4836-9502-850fed8ebd8c,toon.love,resell,,,high,low,4,"Chengdu West Dimension Digital Technology Co., LTD",19/08/2026 05:53,19/08/2027 05:53,26/09/2026 09:40
1e3d37c4-ec48-4e0e-b0f5-191a6a9aa31e,strenuous.love,available,4.98,38.98,medium,low,9,namecheap,,,10/09/2026 21:45
613e4333-0a6c-4481-b74d-bc80537fdcd5,hands.love,premium,728,1040,high,low,5,namecheap,,,08/09/2026 04:01
091a1db3-6f62-4557-a263-3acce408f512,alessandro.love,available,9.99,28.99,medium,low,10,namesilo,,,28/09/2026 05:03
08cc595e-14aa-4a54-9d91-2699126b62ed,hewn.love,available,4.98,38.98,medium,low,4,namecheap,,,20/08/2026 23:16
f5c7b32a-b7ec-4702-8e77-9ebf9fb3d4c4,assailant.love,available,4.98,38.98,medium,low,9,namecheap,,,17/09/2026 17:42
3975ac1d-ebd0-4161-8901-2c0b5ed38f3d,borrowed.love,available,9.99,28.99,medium,low,8,namesilo,,,27/09/2026 09:49
565d20fe-3166-4082-84e2-46f3bf0bea62,recording.love,available,9.99,28.99,high,low,9,namesilo,,,
31490eba-944f-4106-8b5e-ba88fca0e317,bleary.love,available,4.98,38.98,medium,low,6,namecheap,,,10/08/2026 13:59
81044171-b0a6-48bb-8619-4826af2cb89d,bunghole.love,premium,5520,5520,medium,low,8,namesilo,,,20/09/2026 09:34
0d4997f2-6451-482e-91eb-d3e4d607b37e,arctiid.love,available,9.99,28.99,medium,low,7,namesilo,,,20/09/2026 02:47
4bfe53b8-6e31-4c36-972c-8f7d50178375,eudaemonia.love,available,4.98,38.98,high,low,10,namecheap,,,12/09/2026 22:59
67bff352-6d42-4cee-b812-699e933fe81f,edwin.love,premium,302.5,302.5,medium,low,5,namesilo,,,25/09/2026 05:17
8ba4a515-6ad9-4257-8d62-25fa1de2f3ce,netlike.love,available,4.98,38.98,medium,low,7,namecheap,,,03/09/2026 16:00
817efeb6-51bd-4fab-833c-955648b2bf23,reversion.love,available,4.98,38.98,high,low,9,namecheap,,,09/09/2026 16:19
076045a9-63b3-4ad4-851a-64cd2fa413ff,toitoi.love,available,9.99,28.99,medium,low,6,namesilo,,,20/09/2026 12:23
15658a0b-e88b-425e-a5dd-170100f40f84,aster.love,resell,,,high,low,5,"Chengdu West Dimension Digital Technology Co., LTD",19/08/2026 04:46,19/08/2027 04:46,26/09/2026 04:05
67ef7cda-5190-47a9-98b5-f14be33e0751,equanimous.love,available,4.98,38.98,medium,low,10,namecheap,,,17/08/2026 11:37
58acd567-da2f-41ec-a292-aeebee8d9302,eid.love,premium,1312.5,,high,low,3,name.com,,,
3496d757-0baf-4654-920d-7929283214cb,flecked.love,available,4.98,38.98,medium,low,7,namecheap,,,14/08/2026 16:30
660c3059-deb4-47f5-ae1b-4b9e120e92d0,valve.love,available,20.2,20.2,high,low,5,cloudflare,,,28/09/2026 11:02
c50af08a-f786-460b-bf63-a6b9c8da0bdc,ethyne.love,available,9.99,28.99,medium,low,6,namesilo,,,17/09/2026 00:23
7b046c18-c54d-43fa-bcb2-06ce86e65767,lieutenant.love,available,19.99,43.99,high,low,10,godaddy,,,28/09/2026 02:16
fb7dad46-503f-4505-b642-481eb3c17d8e,durango.love,premium,1146.77,1638.01,medium,low,7,porkbun,,,28/09/2026 18:59
8f570c66-9907-4b18-ace4-1c64134cda09,precursory.love,available,4.98,38.98,high,medium,10,namecheap,,,09/09/2026 01:20
2c72a5b1-1f0f-45b8-9fb1-c52f46db9041,palatable.love,available,4.98,38.98,high,low,9,namecheap,,,04/09/2026 23:15
cb88f26f-546b-4eda-a531-cd6b0f6e86a7,vera.love,premium,181.33,258.95,high,medium,4,spaceship,,,28/09/2026 07:03
08d06002-d104-419e-a721-5035dea4aab9,ellie.love,premium,181.33,258.95,high,low,5,spaceship,,,28/09/2026 04:48
92f5dcb6-ed19-4962-b00b-a1ae6583d08b,advisement.love,available,9.99,28.99,medium,low,10,namesilo,,,17/09/2026 11:32
b95e7823-3ff5-4a1a-9b60-d1eb3796c608,superheroes.love,resell,,,medium,low,11,GoDaddy,10/05/2018 17:47,10/05/2027 23:59,26/09/2026 09:25
9c822246-2f01-401c-b899-45fb1e5d15b4,date.love,premium,8750,,high,low,4,name.com,,,
c34f8e83-e137-4b99-a9ff-0cf2820397f3,chas.love,available,9.99,28.99,medium,low,4,namesilo,,,28/09/2026 21:45
146dd247-eb1a-4668-87a8-747a2bb5daa2,rudderfish.love,available,9.99,28.99,medium,low,10,namesilo,,,22/09/2026 01:07
d24c7a27-dbd2-4c72-9f69-3acf500f0596,priests.love,available,9.99,28.99,medium,low,7,namesilo,,,18/09/2026 03:38
caba6b05-b698-494d-beb4-4c5f09b25866,xxxv.love,available,4.98,38.98,medium,low,4,namecheap,,,
ff98bc60-cc13-4c85-a5ff-cceb18dcbbd8,runabout.love,available,9.99,28.99,medium,low,9,namesilo,,,
8823ba28-c52f-42a0-a936-dd238b9eb2ff,discursive.love,available,4.98,38.98,medium,low,10,namecheap,,,14/08/2026 06:00
fdd3b629-5993-4406-a85c-007e5cd1dc96,chian.love,available,4.98,38.98,medium,low,5,namecheap,,,12/08/2026 04:34
851d7423-b145-4b80-a40a-a9d72741f96f,insensitive.love,available,4.88,22.97,medium,low,11,spaceship,,,29/09/2026 03:19
dffab00e-061c-4274-870b-a26dec8af6eb,chalmers.love,available,20.2,20.2,medium,low,8,cloudflare,,,27/09/2026 20:38
2bb45766-d053-4c9c-b384-b32e155cac67,anosmic.love,available,4.98,38.98,medium,low,7,namecheap,,,
3640d0bb-3bc7-4d0b-b01e-a5dd7ff893fc,ramsons.love,available,9.99,28.99,medium,low,7,namesilo,,,18/09/2026 11:34
9b611408-9554-4a9d-8980-203c515a54d6,warden.love,available,4.88,22.97,high,low,6,spaceship,,,27/09/2026 16:17
712ef9e0-167e-4ba2-909a-0a91a73e7d86,binghamton.love,available,9.99,28.99,medium,low,10,namesilo,,,23/09/2026 17:34
5ca478b1-a355-4610-82b5-4da7a11a6ffe,via.love,premium,1086.95,1552.7,high,medium,3,spaceship,,,28/09/2026 15:38
9b031c6d-5eeb-4c14-a4c2-583328031de0,crossways.love,available,4.98,38.98,medium,low,9,namecheap,,,14/09/2026 09:48
82e32eec-4365-40c3-a277-9af8f3172134,lay.love,premium,1995,1995,high,low,3,namesilo,,,25/09/2026 13:03
212ad81c-e14b-49bb-9c52-4aa8889742ab,augustus.love,available,9.99,28.99,high,low,8,namesilo,,,21/09/2026 04:02
14848ac5-7886-479c-b0f9-22aff1248bab,aerospace.love,available,9.99,28.99,high,low,9,namesilo,,,17/09/2026 13:17
80b87857-5e18-449c-9317-591fa867a57f,intuition.love,resell,,,high,low,9,,,,28/09/2026 19:28
b7b6d3cf-d330-4986-bc8c-b37005f4345d,sure.love,premium,90.09,128.7,high,low,4,namecheap,,,24/09/2026 21:05
1cf93501-fc05-4fbc-88b9-262375ff4368,flights.love,premium,8280,8280,high,low,7,namesilo,,,18/09/2026 23:36
4294ce62-0db3-4fcb-b4c0-216e55c37468,jerry.love,premium,640,640,high,low,5,namesilo,,,29/09/2026 00:12
b137d7bf-d24f-4510-b36b-6cd828a944d0,wonders.love,available,9.99,28.99,high,low,7,namesilo,,,18/09/2026 02:01
445324af-e538-4db6-b69b-a9e1db9d65fd,uninsured.love,available,4.98,38.98,medium,low,9,namecheap,,,12/09/2026 13:28
4230e719-c818-4d45-9527-ab4bb730fb31,wyatt.love,premium,302.5,302.5,high,low,5,namesilo,,,25/09/2026 07:54
723e8269-fdee-4be6-a262-3d0fe09b7549,swosh.love,available,4.98,38.98,medium,low,5,namecheap,,,11/09/2026 05:50
d7b72014-ee00-4cda-b0f9-e82e77043efd,swank.love,premium,7000,10000,high,low,5,name.com,,,12/08/2026 04:51
26252eb5-b319-48f0-a895-07d6f50844fa,marmoreal.love,available,4.98,38.98,medium,low,9,namecheap,,,24/08/2026 16:12
7e0c5ea0-a814-4f15-bd83-0cbcb72c4318,catherine.love,premium,302.5,302.5,high,low,9,namesilo,,,25/09/2026 04:07
a84c9093-cdf5-4e15-815a-53dfbe75df81,snuffly.love,available,4.98,38.98,high,medium,7,namecheap,,,10/09/2026 12:37
ed596287-0829-46c0-ae90-ec88d7f0ca30,charts.love,premium,1995,1995,high,low,6,namesilo,,,18/09/2026 23:12
865e3c14-26e3-474a-8f07-905422868f72,barman.love,available,9.99,28.99,medium,low,6,namesilo,,,22/09/2026 06:19
3e51d7ea-bd0f-4a9b-a225-3d20b7f7bc77,gaelic.love,available,4.98,38.98,high,low,6,namecheap,,,11/08/2026 23:40
911ce2fc-0541-4a32-a7c1-c9fb47969154,berbers.love,available,9.99,28.99,medium,low,7,namesilo,,,19/09/2026 23:24
d3221c5a-81f3-4291-b9e7-9e51928b7353,bighearted.love,available,4.98,38.98,high,low,10,namecheap,,,09/08/2026 20:48
60da6c31-ca7c-4cdb-abc1-352154be5c60,arriving.love,available,38.98,,medium,low,8,namecheap,,,
ce1d7d31-6365-467e-83c0-78dde3bec211,spik.love,available,4.98,38.98,high,medium,4,namecheap,,,10/09/2026 15:33
c2ea5461-8f14-4e33-af91-2b950a5211a2,absence.love,available,4.88,22.97,medium,low,7,spaceship,,,28/09/2026 17:04
2a208050-ccab-4a69-970b-1d2eeca8ae40,bacterium.love,available,9.99,28.99,medium,low,9,namesilo,,,21/09/2026 16:30
c2e74e2f-7586-43c4-ab40-ac741e1a51f9,skepticism.love,available,4.98,38.98,medium,low,10,namecheap,,,24/09/2026 22:29
42859f3b-f826-4dd8-9823-c675cee32ee7,decisive.love,available,4.98,38.98,high,low,8,namecheap,,,13/08/2026 21:36
e6a052fa-7f00-4125-abc4-615e8b44087c,vegetables.love,premium,302.5,302.5,medium,low,10,namesilo,,,16/09/2026 12:36
95cb3687-663f-485a-b34a-e72df45fc4c9,aerofoil.love,available,9.99,28.99,medium,low,8,namesilo,,,17/09/2026 13:00
4cf8fdd8-08ee-4cd1-9d50-1d24e8ca4a47,waving.love,available,8.78,23.76,high,low,6,dynadot,,,28/09/2026 15:32
c5716432-0a81-4366-9c35-a35d3e50878f,graphical.love,available,4.98,38.98,high,low,9,namecheap,,,20/08/2026 18:11
f66292ec-ce45-45f8-b1cc-704ed6c4a6b7,hottish.love,available,4.98,38.98,medium,low,7,namecheap,,,21/08/2026 14:20
d7fb6748-1ddb-490d-8d4c-9cc020c76bee,number.love,premium,302.5,302.5,high,low,6,namesilo,,,25/09/2026 23:29
3d4df412-34a7-46c2-bd6a-b140e83146f4,encomium.love,available,4.98,38.98,high,low,8,namecheap,,,05/09/2026 00:40
a159a46d-4dbf-42bc-acec-dd114cd47ffb,temple.love,available,,,high,high,6,,,,
b826d3bb-92ae-4523-a77b-1e800a4dedb2,creativity.love,premium,455,650,high,low,10,namecheap,,,24/09/2026 19:19
b0304bfd-9834-4633-99ab-922af7d44e26,traduce.love,available,4.98,38.98,medium,low,7,namecheap,,,24/08/2026 14:06
80a04bda-91e9-4155-a775-e23239033327,jacobean.love,available,4.98,38.98,medium,low,8,namecheap,,,22/08/2026 11:47
ed4b9ade-f8bc-4ec0-8748-8b07f5293138,musty.love,available,4.98,38.98,medium,low,5,namecheap,,,18/08/2026 16:44
82dd5335-7ef9-4565-9e5c-05fc4e257162,ghostly.love,available,4.98,38.98,medium,low,7,namecheap,,,06/08/2026 05:28
f4804212-a8f9-4dc5-8724-9050d08ee31d,koch.love,available,4.98,38.98,high,low,4,namecheap,,,25/09/2026 08:52
32b22b9f-1965-439b-ada4-a79d68952cea,clifford.love,available,9.99,28.99,high,low,8,namesilo,,,25/09/2026 14:06
e3679fdc-2d59-43c5-9a43-568c943dd799,camisole.love,available,9.99,28.99,high,low,8,namesilo,,,24/09/2026 11:52
599349ff-d8f0-4977-b2a1-c62903cac896,strongly.love,available,9.99,28.99,medium,low,8,namesilo,,,28/09/2026 16:33
505832f5-7e54-4758-a64f-b76e70fcd2a6,westwood.love,available,9.99,28.99,high,low,8,namesilo,,,
ecad4582-73f2-47ce-a8c2-6c10209d13f1,evenfall.love,available,4.98,38.98,medium,low,8,namecheap,,,11/09/2026 21:46
3b5c4bbf-9a93-44f5-a30b-b68ae5b1451c,childlike.love,available,4.98,38.98,medium,low,9,namecheap,,,12/08/2026 05:12
92cf5059-b826-4882-aad0-74ebf6d9a31a,dishwasher.love,available,9.99,28.99,high,low,10,namesilo,,,
d387f10e-7f6a-4bd3-a894-70cf736a6af9,bucolic.love,available,4.98,38.98,high,low,7,namecheap,,,06/08/2026 14:14
2a732d18-8de3-45f1-8e9b-975a6c1c2bba,meaningless.love,available,8.75,23.17,medium,low,11,porkbun,,,28/09/2026 15:49
9ad1e003-7123-493f-9d40-4b0fca434b3b,tercet.love,available,,,medium,low,6,,,,
a9432d46-00f4-4578-90b8-c1fcc1c2e6ab,goshawk.love,available,9.99,28.99,medium,low,7,namesilo,,,16/09/2026 22:31
8ba78459-783e-48cf-9efc-24f1efa56f2b,avestan.love,available,4.98,38.98,medium,low,7,namecheap,,,07/08/2026 23:07
afc620ee-8779-4bf5-b3d1-448ed8a6accb,eli.love,premium,3057.17,4367.16,high,low,3,porkbun,,,27/09/2026 18:02
aa9c3e10-77d8-498b-b3a7-4628691d3649,apsidal.love,available,4.98,38.98,medium,low,7,namecheap,,,06/08/2026 10:18
585607ef-5254-4568-8fb9-c03a00027161,province.love,available,9.99,28.99,high,low,8,namesilo,,,
69dce293-668d-48bf-a6bf-c23b0ce5175f,ampul.love,available,4.98,38.98,medium,low,5,namecheap,,,18/09/2026 23:49
12d41809-2f03-4c76-a050-20dd6af5e24d,hides.love,available,9.99,28.99,medium,low,5,namesilo,,,18/09/2026 23:59
329017ad-662f-44f1-aeb8-3313702d6fd0,vagus.love,available,4.98,38.98,medium,low,5,namecheap,,,08/09/2026 22:09
9f5555db-ca8f-4ecc-a93b-6c0c24968f53,carriers.love,available,8.75,23.17,medium,low,8,porkbun,,,29/09/2026 05:47
76da2dc3-f6eb-4efa-a977-cee5df082d57,lullaby.love,available,9.99,28.99,high,low,7,namesilo,,,23/09/2026 09:09
92f6e71e-355f-4b56-90d6-0f9b4e51cf96,gun.love,premium,4347.2,6210.2,high,low,3,spaceship,,,28/09/2026 17:19
d64c0d02-f8a3-4370-8c87-06b5d9b39b4a,taxable.love,available,4.98,38.98,medium,low,7,namecheap,,,03/09/2026 19:07
2f118de4-f2a5-435f-98e7-a70f3bd85785,glancing.love,available,9.99,28.99,high,low,8,namesilo,,,
6d32f772-2078-4574-959c-a5f52201092f,septuple.love,available,4.98,38.98,medium,low,8,namecheap,,,10/09/2026 04:23
841a7b05-cc4b-4a33-94af-7f97d1397288,reliably.love,available,4.98,38.98,high,low,8,namecheap,,,14/09/2026 11:46
e90c4eab-9890-4bf6-9e37-27ad12e7dfd7,uncivil.love,available,4.98,38.98,medium,low,7,namecheap,,,12/09/2026 05:12
88614a7c-6770-444f-a833-e2232b3b9b7e,shapely.love,available,4.98,38.98,high,low,7,namecheap,,,10/09/2026 05:57
46edba1e-3ef3-45e1-8186-23922509a7dc,banned.love,premium,8750,12500,medium,low,6,name.com,,,08/08/2026 13:44
be5086a5-76ba-4103-8025-3a55d9b82d1f,unhurried.love,available,4.98,38.98,medium,low,9,namecheap,,,12/09/2026 12:39
786cac27-fec0-4d92-ac65-097bd16ca7c4,opulent.love,available,4.98,38.98,high,low,7,namecheap,,,14/08/2026 00:58
e0a97bd2-f6d6-48be-a139-360bce90416d,plants.love,premium,437.5,,high,low,6,name.com,,,
17755a36-e1af-494e-b776-d0dc9b4adb28,unable.love,available,4.98,38.98,high,low,6,namecheap,,,11/09/2026 23:26
03b5d2a5-72d0-41ae-92e8-dcf4bad7314a,herakles.love,available,4.98,38.98,high,low,8,namecheap,,,18/09/2026 04:05
a11d5fa9-7161-4a04-95ab-352a563467f7,stagey.love,available,4.98,38.98,low,low,6,namecheap,,,10/09/2026 18:06
13b54b6e-6f85-4327-9f5c-110a86aeeb19,fraudulent.love,available,4.98,38.98,medium,low,10,namecheap,,,13/08/2026 21:10
53c0ff3c-f2b1-475d-acc7-cbbeb778225a,stinker.love,available,4.98,38.98,medium,low,7,namecheap,,,11/08/2026 09:15
5729becb-a3f6-47f3-ae80-c273af53ed0f,veined.love,available,4.98,38.98,medium,low,6,namecheap,,,13/09/2026 01:53
eb319abf-c616-4fb9-9737-543ac6f16849,erection.love,premium,5520,5520,high,low,8,namesilo,,,29/09/2026 00:49
73126bd1-1f35-47dd-a62f-ad12576a50ef,backbone.love,available,9.99,28.99,high,low,9,namesilo,,,21/09/2026 15:14
7538ec0a-6630-4c69-93c9-8f2a2c2505b1,adroit.love,available,4.98,38.98,high,low,6,namecheap,,,21/09/2026 19:49
66bb4bf3-2681-40ab-a6d9-5b90f19705fa,wicked.love,premium,302.5,302.5,high,low,6,namesilo,,,24/09/2026 11:13
ab97fe3d-762b-4f95-90e2-4bac30c23f10,waste.love,available,9.99,28.99,high,low,5,namesilo,,,22/09/2026 17:29
a39fc3a3-880c-433c-b4d1-ebc0f30e4465,divisive.love,available,4.98,38.98,medium,low,8,namecheap,,,14/08/2026 12:32
2f0cd099-2e73-446d-805e-0c69520e8fea,segovia.love,available,9.99,28.99,medium,low,7,namesilo,,,19/09/2026 04:41
0adb7921-3071-45aa-b511-872604a7d91b,artfully.love,available,4.98,38.98,medium,low,8,namecheap,,,13/09/2026 20:53
32e79f75-947f-406f-85d9-09fc873f5b66,wassermann.love,available,4.98,38.98,high,low,10,namecheap,,,21/09/2026 03:49
3d203998-f93f-4234-a3f4-1b5ad734d0f3,disorders.love,available,39.99,44.99,medium,low,9,name.com,,,20/09/2026 00:40
c9a7fe6f-bd98-49b5-9983-19a3426ec190,chorally.love,available,4.98,38.98,medium,low,8,namecheap,,,14/09/2026 06:49
5b06c0b5-0f25-4ef4-bf37-aa5db4223baf,spell.love,premium,1995,1995,high,low,5,namesilo,,,24/09/2026 22:24
713fb7e0-575e-4ba2-8d62-b7a0f1d28f58,men.love,premium,5250,,high,low,3,name.com,,,
85dd3961-d53b-4d4d-a8de-7a80f030ecb0,trig.love,available,4.98,38.98,high,low,4,namecheap,,,12/08/2026 10:13
739c78b6-c017-43d2-a785-d3d56dc3e9d6,greens.love,resell,,,high,low,6,"Chengdu West Dimension Digital Technology Co., LTD",19/08/2026 05:47,19/08/2027 05:47,26/09/2026 06:30
f894df43-02f0-4446-9b79-674e467fafaf,talks.love,premium,437.5,,high,low,5,name.com,,,
7852c8b9-3a48-4013-872e-d6cada10b60a,bereft.love,available,4.98,38.98,low,low,6,namecheap,,,09/08/2026 15:05
9d4c7df0-bd7d-4c2d-b2a7-cddaa14fb568,glissando.love,available,4.98,38.98,medium,low,9,namecheap,,,14/09/2026 21:37
e5b2a997-c42b-41b9-b1bd-9e43ec78c251,auc.love,premium,1995,1995,high,low,3,namesilo,,,21/09/2026 02:37
f434674b-3417-49d1-aa4a-309d67987ad8,resources.love,resell,,,high,low,9,"Chengdu West Dimension Digital Technology Co., LTD",19/08/2026 05:43,19/08/2027 05:43,26/09/2026 08:38
cc4dc456-ee6a-4727-bd03-2263a75e2729,fact.love,premium,1312.5,,high,low,4,name.com,,,
061c04fc-bced-422e-af0f-059f14cea8e8,styptic.love,available,4.98,38.98,medium,low,7,namecheap,,,07/08/2026 10:00
5042ecb5-79c8-4b6b-a869-b198b476055d,cdu.love,premium,1995,1995,high,low,3,namesilo,,,29/09/2026 03:11
4caf3d82-5859-483f-9d39-8ac14a455c0e,opal.love,premium,218.75,,high,low,4,name.com,,,
72bd00d6-e301-4d56-b06a-9d91efbf7ba8,victual.love,available,4.98,38.98,medium,low,7,namecheap,,,12/08/2026 18:51
30c99ba2-46ce-44c6-b307-dea6991cb19a,respectful.love,available,9.99,28.99,high,low,10,namesilo,,,27/09/2026 12:44
a16e468a-f927-4588-8874-654557d75d0e,firsthand.love,available,4.98,38.98,high,low,9,namecheap,,,18/08/2026 05:27
470e4038-5d06-45a9-810c-ecb7c97fc110,ayr.love,premium,1995,1995,high,low,3,namesilo,,,21/09/2026 10:41
32b250ab-7ed1-4896-92d3-6394dab65891,liter.love,available,4.98,38.98,high,medium,5,namecheap,,,22/08/2026 17:07
38a0a264-dabd-4095-89d6-b971b1323a57,airway.love,available,9.99,28.99,high,low,6,namesilo,,,17/09/2026 22:13
d7b1b45f-ba2e-4f8c-a862-7e997dc7ce95,camel.love,premium,192.5,275,high,low,5,dynadot,,,28/09/2026 01:20
60d4c006-20e0-496f-a3a5-a4194d05fd4d,harmon.love,available,9.99,28.99,high,low,6,namesilo,,,27/09/2026 07:57
11941777-0c3d-458b-8820-f2bd0d7cf115,commonly.love,available,4.88,22.97,medium,low,8,spaceship,,,28/09/2026 14:12
d516b799-065d-449c-b27e-206c6dd57c67,annular.love,available,,,medium,low,7,,,,
1ad010e7-43d8-4930-b47a-639a39583c24,overeat.love,available,39.99,44.99,medium,low,7,name.com,,,23/09/2026 17:26
522644fe-08c5-4ee7-972a-d34be7eff5ae,ablated.love,available,4.98,38.98,medium,low,7,namecheap,,,
96d7d3f7-9f85-41e6-b1bc-acc131100cc4,whom.love,available,9.99,28.99,medium,low,4,namesilo,,,
77d4cdcd-021e-4c65-83e3-024d3695e2e8,climatic.love,available,4.98,38.98,high,low,8,namecheap,,,12/08/2026 10:57
9f45ce1f-f01e-495d-9f8b-903a469f042e,malamud.love,available,4.98,38.98,medium,low,7,namecheap,,,23/09/2026 09:50
39683fc4-d690-405e-b907-9ec42a50a7f6,bluewing.love,available,9.99,28.99,medium,low,8,namesilo,,,19/09/2026 02:57
4f091968-517d-4f17-af56-e4859029cfd3,reds.love,available,4.88,22.97,high,medium,4,spaceship,,,29/09/2026 05:44
00554bef-1508-46b4-98ae-2f1fe6a7d8ca,filesize.love,available,9.99,28.99,medium,low,9,namesilo,,,
bb0216d5-1835-42f6-b84f-bed7a8aeb8ec,lentic.love,available,4.98,38.98,medium,low,6,namecheap,,,22/08/2026 23:50
23dade04-78cf-4da8-b484-ebcc67f3b4df,hilly.love,available,4.98,38.98,high,low,5,namecheap,,,13/08/2026 04:46
39e9495d-c32a-4c77-8627-3960973e3441,deviate.love,available,4.98,38.98,high,low,7,namecheap,,,
d0ba833c-2b7c-4aac-9c2b-568c638371f4,alternatively.love,available,9.99,28.99,medium,low,13,namesilo,,,16/09/2026 12:44
1a140b64-de23-473d-b004-413f8d03df06,swing.love,premium,854,854,high,low,5,namesilo,,,28/09/2026 02:11
9a82f96c-d3f9-4330-b4d0-56e3b11951e1,enwrapped.love,available,4.98,38.98,medium,low,9,namecheap,,,
559f79b1-1fee-4549-b976-44fee29637ab,undulate.love,available,4.98,38.98,medium,low,8,namecheap,,,12/09/2026 08:33
fca124aa-2759-48d2-b1f2-4d7a74d47e98,tokugawa.love,available,4.88,22.97,low,low,8,spaceship,,,28/09/2026 09:08
cd5fc336-3b4b-4ca7-9457-90a925ec2271,flagfish.love,available,4.98,38.98,medium,low,8,namecheap,,,18/09/2026 19:58
6403fde4-dd0f-4f9f-b64e-279e8456cb61,xxviii.love,available,4.98,38.98,medium,low,6,namecheap,,,
b9cd2103-055d-41c8-b04d-1d6371ab3389,easily.love,available,9.99,28.99,high,low,6,namesilo,,,24/09/2026 13:14
784c216f-5e63-4b67-abf1-c59af30b51fe,western.love,premium,86.62,123.75,high,low,7,name.com,,,13/09/2026 10:56
d753535d-ccd2-4599-abe6-7a0e824cd586,unwoven.love,available,4.98,38.98,medium,low,7,namecheap,,,12/09/2026 22:51
be95a54b-1782-493e-aeae-f55619935d77,lynch.love,available,9.99,28.99,medium,low,5,namesilo,,,28/09/2026 15:35
fb087ce7-ff5b-4e93-b03f-9fcf1dcc782f,deformity.love,available,4.98,38.98,medium,low,9,namecheap,,,24/09/2026 21:21
42daf42c-517d-49f1-bf6d-20cd375b75b6,flynn.love,available,9.99,28.99,high,low,5,namesilo,,,25/09/2026 15:37
02ac242e-4695-4582-87c7-6153537a653a,dominated.love,available,9.99,28.99,medium,low,9,namesilo,,,24/09/2026 11:35
15c5b4ba-af90-42d5-874a-72818e5eff3d,abbatial.love,available,4.98,38.98,medium,low,8,namecheap,,,
1034666b-8cb0-42ea-b067-f2f857f20aa5,liqueur.love,available,4.98,38.98,high,low,7,namecheap,,,13/08/2026 01:02
c78f51a9-4e84-4dca-bb2a-761a5df08c3b,ariled.love,available,4.98,38.98,medium,low,6,namecheap,,,06/08/2026 19:09
9ec8a869-804d-4612-8aec-f4c433302bb6,mendoza.love,premium,455,650,medium,low,7,namecheap,,,27/09/2026 07:53
138ec76a-0d6d-4539-baee-ea85e3ec3f1f,fiendish.love,available,4.98,38.98,medium,low,8,namecheap,,,14/08/2026 01:31
764e7b85-e4fc-49f5-b951-7b889d85869c,alarum.love,available,9.99,28.99,medium,low,6,namesilo,,,18/09/2026 02:00
0113a219-8ba9-4724-a8f7-f1c7d65615e3,azores.love,available,9.99,28.99,medium,low,6,namesilo,,,17/09/2026 02:13
4789abbf-1a93-4a39-b868-a850a379040c,didnt.love,available,9.99,28.99,medium,low,5,namesilo,,,
3415b510-221e-45e1-8d7c-68c6d4ed707a,venereal.love,premium,3500,5000,medium,low,8,name.com,,,18/08/2026 21:42
66889f9c-c4d0-4048-b755-bac657cde640,placeable.love,available,4.98,38.98,high,medium,9,namecheap,,,08/09/2026 20:14
11551237-5660-4081-a83f-7070c0e7e66f,relevance.love,available,9.99,28.99,high,low,9,namesilo,,,
e2a6568d-455a-4ec9-b013-6462aaa988fa,memories.love,resell,,,medium,low,8,West263 International Limited,04/06/2026 14:19,04/06/2027 14:19,26/09/2026 07:30
09545d98-46ce-499d-bef2-b2ac7c8fa870,grim.love,premium,218.75,312.5,medium,low,4,name.com,,,14/08/2026 11:41
196c74b7-223f-4952-96af-166ecbbe10c7,captive.love,resell,31.98,,high,low,7,"Dynadot, LLC",26/11/2025 00:03,26/11/2026 00:03,26/09/2026 04:46
7b9ef4d8-7470-41fc-9ca1-b90ac615afb0,kent.love,premium,118.8,118.8,high,low,4,namesilo,,,27/09/2026 14:35
9a24e18e-ad64-4761-ace8-0ed4b1389765,vent.love,available,9.99,28.99,high,low,4,namesilo,,,
8267b695-e2cc-45a3-871d-115937b59c09,fitzroy.love,available,4.98,38.98,medium,low,7,namecheap,,,28/09/2026 23:19
ca1b0172-5a1c-4596-a401-8153ceb4f3d5,aquarius.love,premium,640,640,high,low,8,namesilo,,,19/09/2026 23:03
678f63fe-31d1-4211-9a06-8f48f59c811b,annulate.love,available,,,high,low,8,,,,
b94f9bb7-a669-42bb-b471-847851eddc8a,bra.love,premium,1312.5,,high,low,3,name.com,,,29/09/2026 00:58
e716b372-9003-42d1-86cf-b2534b3b19da,device.love,premium,5520,5520,high,low,6,namesilo,,,28/09/2026 04:21
e95c1dd1-55c3-43c2-a4ba-8299688a3f80,oxalis.love,available,4.98,38.98,medium,low,6,namecheap,,,10/09/2026 14:35
1c6fcfa3-9d4e-416b-9df6-15f7f716c309,gis.love,premium,1086.95,1552.7,high,low,3,spaceship,,,28/09/2026 04:22
219e821a-ba1e-470d-9adb-4ab9cdd51fba,slivery.love,available,4.98,38.98,low,low,7,namecheap,,,10/09/2026 11:13
41acdb33-49b1-4afb-85fe-582285e5a16a,cloud.love,premium,854,854,high,medium,5,namesilo,,,28/09/2026 04:01
c2eda90c-2ba3-47a2-bc07-ffe544359560,agonizing.love,available,4.98,38.98,medium,low,9,namecheap,,,
b1f6bd2b-7b48-4c20-9cad-cb988095b28f,junction.love,available,9.99,28.99,high,low,8,namesilo,,,28/09/2026 06:09
60674eba-2996-4e87-8fee-dcfa6727a17c,inshore.love,available,4.98,38.98,medium,low,7,namecheap,,,22/08/2026 06:53
fb5e80f9-1fe1-436b-b297-aa2e81da3170,hinterland.love,available,4.98,38.98,high,low,10,namecheap,,,21/09/2026 14:33